mz	intensity	rel.intensity	exactmass	formula	ionization	implicitAdduct
127.054796	193.00	2.99	127.054227	C10H6	[M + H]+	
128.061613	436.00	6.76	128.062052	C10H7	[M + H]+	
129.070180	310.00	4.81	129.069877	C10H8	[M + H]+	
131.080115	245.00	3.80	131.085527	C10H10	[M + H]+	
133.103320	170.00	2.64	133.101177	C10H12	[M + H]+	
139.057864	195.00	3.02	139.054227	C11H6	[M + H]+	
141.069338	584.00	9.06	141.069877	C11H8	[M + H]+	
143.078863	171.00	2.65	143.085527	C11H10	[M + H]+	
145.100227	158.00	2.45	145.101177	C11H12	[M + H]+	
165.070164	572.00	8.87	165.069877	C13H8	[M + H]+	
167.079958	214.00	3.32	167.085527	C13H10	[M + H]+	
169.099343	130.00	2.02	169.101177	C13H12	[M + H]+	
171.111647	154.00	2.39	171.116827	C13H14	[M + H]+	
185.129650	231.00	3.58	185.132477	C14H16	[M + H]+	
361.283337	224.00	3.47	361.288978	C27H36	[M + H]+	
389.283381	233.00	3.61	389.283892	C28H36O	[M + H]+	
407.292033	1247.00	19.34	407.294457	C28H38O2	[M + H]+	
425.299675	751.00	11.65	425.305022	C28H40O3	[M + H]+	
435.291228	820.00	12.72	435.289372	C29H38O3	[M + H]+	
453.308449	6448.00	100.00	453.299936	C29H40O4	[M + H]+	
463.284463	299.00	4.64	463.284286	C30H38O4	[M + H]+	
471.308121	1539.00	23.87	471.310501	C29H42O5	[M + H]+	
498.310679	132.00	2.05	498.321400	C30H40O5	[M + H]+	H3N
481.285764	987.00	15.31	481.294851	C30H40O5	[M + H]+	
516.310200	163.00	2.53	516.331965	C30H42O6	[M + H]+	H3N
499.284276	311.00	4.82	499.305416	C30H42O6	[M + H]+	
534.300632	1548.00	24.01	534.342529	C30H44O7	[M + H]+	H3N
