mz	intensity	rel.intensity	exactmass	formula	ionization
40.016600	0.89	0.89	40.018175	C2HN	[M + H]+
42.032800	0.65	0.65	42.033826	C2H3N	[M + H]+
67.028800	0.83	0.83	67.029075	C3H2N2	[M + H]+
69.044700	2.90	2.90	69.044725	C3H4N2	[M + H]+
94.039000	2.62	2.62	94.039974	C4H3N3	[M + H]+
95.023100	4.76	4.76	95.023989	C4H2N2O	[M + H]+
97.027700	5.43	5.43	97.028406	C5H4O2	[M + H]+
112.049700	100.00	100.00	112.050538	C4H5N3O	[M + H]+
113.057900	0.69	0.69	113.059706	C6H8O2	[M + H]+
324.059204	0.00	0.00	324.059127	C9H14N3O8P	[M + H]+
