{
  "molecularFormula" : "C34H42O20",
  "root" : "C34H42O20",
  "annotations" : {
    "precursorIonType" : "[M - H]-",
    "nodeBoost" : 3.0,
    "statistics" : {
      "explainedIntensity" : 0.9924462521789654,
      "explainedIntensityOfExplainablePeaks" : 0.9924462521789654,
      "ratioOfExplainedPeaks" : 0.8461538461538461
    },
    "numberOfUnconsideredCandidates" : 0,
    "lowestConsideredCandidateScore" : 30.98171043746781,
    "recalibration" : {
      "merged" : "1.0000008265687572x + 8.730056734407299E-5"
    }
  },
  "fragments" : [ {
    "id" : 0,
    "molecularFormula" : "C34H42O20",
    "massDeviation" : "-2.167515463086469 ppm (-0.0016672919094844474 m/z)",
    "recalibratedMassDeviation" : "-1.2274529304522326 ppm (-9.441797758427128E-4 m/z)",
    "score" : 5.909744404200781,
    "scores" : {
      "Chemical Prior" : 1.0,
      "MS-Isotopes" : 0.0,
      "Mass Deviation" : -0.09025559579921871,
      "CarbohydrogenCompound" : 5.0,
      "motif-search" : 0.0,
      "MS2-Isotopes" : 0.0,
      "PhosphorScorer" : 0.0,
      "BeautificationScorer" : -0.0,
      "IntrinsicallyChargedScorer" : 0.0,
      "StrangeElementRootScorer" : 0.0
    },
    "molecularFormula" : "C34H42O20",
    "relativeIntensity" : 1.0,
    "ion" : "[M - H]-",
    "mz" : 769.218,
    "recalibratedMass" : 769.2187231121336,
    "peaks" : [ {
      "intensity" : 999.0,
      "ce" : "none",
      "spectrum" : 0,
      "mz" : 769.218
    } ]
  }, {
    "id" : 1,
    "molecularFormula" : "C28H32O16",
    "massDeviation" : "-0.25433516679128404 ppm (-1.5849190947392344E-4 m/z)",
    "recalibratedMassDeviation" : "0.712325884609172 ppm (4.438945670699468E-4 m/z)",
    "score" : 2.746684185295231,
    "scores" : {
      "TreeSizeScorer" : 2.5,
      "StrangeElementFragmentScorer" : 0.0,
      "StrangeElementSmallFragmentScorer" : 0.0,
      "Common Fragments" : 0.0,
      "Mass Deviation" : -0.028823107813907435,
      "CarbohydrogenFragment" : 0.0,
      "MS2-Isotopes" : 0.0,
      "FragmentSizeScorer" : 0.0,
      "PhosphorScorer" : 0.0,
      "ClippedPeakIsNoiseScorer" : 0.27550729310913846
    },
    "molecularFormula" : "C28H32O16",
    "relativeIntensity" : 0.004004004004004004,
    "ion" : "[M - H]-",
    "mz" : 623.1616,
    "recalibratedMass" : 623.1622023864766,
    "peaks" : [ {
      "intensity" : 4.0,
      "ce" : "none",
      "spectrum" : 0,
      "mz" : 623.1616
    } ]
  }, {
    "id" : 2,
    "molecularFormula" : "C18H14O8",
    "massDeviation" : "-1.3749913093671082 ppm (-4.9095590941306E-4 m/z)",
    "recalibratedMassDeviation" : "-0.30392466780114413 ppm (-1.0851979243398091E-4 m/z)",
    "score" : 3.263980258607996,
    "scores" : {
      "TreeSizeScorer" : 2.5,
      "StrangeElementFragmentScorer" : 0.0,
      "StrangeElementSmallFragmentScorer" : 0.0,
      "Common Fragments" : 0.0,
      "Mass Deviation" : -0.012198473130628069,
      "CarbohydrogenFragment" : 0.0,
      "MS2-Isotopes" : 0.0,
      "FragmentSizeScorer" : 0.0,
      "PhosphorScorer" : 0.0,
      "ClippedPeakIsNoiseScorer" : 0.7761787317386241
    },
    "molecularFormula" : "C18H14O8",
    "relativeIntensity" : 0.013103103103103104,
    "ion" : "[M - H]-",
    "mz" : 357.0611,
    "recalibratedMass" : 357.061482436117,
    "peaks" : [ {
      "intensity" : 13.09,
      "ce" : "none",
      "spectrum" : 0,
      "mz" : 357.0611
    } ]
  }, {
    "id" : 3,
    "molecularFormula" : "C17H12O7",
    "massDeviation" : "-0.6918555449758208 ppm (-2.2627190946877818E-4 m/z)",
    "recalibratedMassDeviation" : "0.4016455166127382 ppm (1.3135863116531254E-4 m/z)",
    "score" : 2.483847994982192,
    "scores" : {
      "TreeSizeScorer" : 2.5,
      "StrangeElementFragmentScorer" : 0.0,
      "StrangeElementSmallFragmentScorer" : 0.0,
      "Common Fragments" : 0.0,
      "Mass Deviation" : -0.016152005017807794,
      "CarbohydrogenFragment" : 0.0,
      "MS2-Isotopes" : 0.0,
      "FragmentSizeScorer" : 0.0,
      "PhosphorScorer" : 0.0,
      "ClippedPeakIsNoiseScorer" : 0.0
    },
    "molecularFormula" : "C17H12O7",
    "relativeIntensity" : 0.0015015015015015015,
    "ion" : "[M - H]-",
    "mz" : 327.0508,
    "recalibratedMass" : 327.0511576305406,
    "peaks" : [ {
      "intensity" : 1.5,
      "ce" : "none",
      "spectrum" : 0,
      "mz" : 327.0508
    } ]
  }, {
    "id" : 4,
    "molecularFormula" : "C16H13O7",
    "massDeviation" : "-15.34960452803688 ppm (-0.004851303909504168 m/z)",
    "recalibratedMassDeviation" : "-14.24679964346908 ppm (-0.004502762980109765 m/z)",
    "score" : 3.1219745012964446,
    "scores" : {
      "TreeSizeScorer" : 2.5,
      "StrangeElementFragmentScorer" : 0.0,
      "StrangeElementSmallFragmentScorer" : 0.0,
      "Common Fragments" : 0.0,
      "Mass Deviation" : -0.7418033842823673,
      "CarbohydrogenFragment" : 0.18264706560531963,
      "MS2-Isotopes" : 0.0,
      "FragmentSizeScorer" : 0.0,
      "PhosphorScorer" : 0.0,
      "ClippedPeakIsNoiseScorer" : 1.1811308199734925
    },
    "molecularFormula" : "C16H13O7",
    "relativeIntensity" : 0.031201201201201203,
    "ion" : "[M - H]-",
    "mz" : 316.054,
    "recalibratedMass" : 316.05434854092937,
    "peaks" : [ {
      "intensity" : 31.17,
      "ce" : "none",
      "spectrum" : 0,
      "mz" : 316.054
    } ]
  }, {
    "id" : 5,
    "molecularFormula" : "C16H12O7",
    "massDeviation" : "-2.305257000094762 ppm (-7.262719094569547E-4 m/z)",
    "recalibratedMassDeviation" : "-1.2015865064747404 ppm (-3.785606071460279E-4 m/z)",
    "score" : 5.883009192033896,
    "scores" : {
      "TreeSizeScorer" : 2.5,
      "StrangeElementFragmentScorer" : 0.0,
      "StrangeElementSmallFragmentScorer" : 0.0,
      "Common Fragments" : 0.0,
      "Mass Deviation" : -0.04909313103345384,
      "CarbohydrogenFragment" : 0.8576494712184279,
      "MS2-Isotopes" : 0.0,
      "FragmentSizeScorer" : 0.0,
      "PhosphorScorer" : 0.0,
      "ClippedPeakIsNoiseScorer" : 2.574452851848921
    },
    "molecularFormula" : "C16H12O7",
    "relativeIntensity" : 0.26949949949949953,
    "ion" : "[M - H]-",
    "mz" : 315.0503,
    "recalibratedMass" : 315.0506477113023,
    "peaks" : [ {
      "intensity" : 269.23,
      "ce" : "none",
      "spectrum" : 0,
      "mz" : 315.0503
    } ]
  }, {
    "id" : 6,
    "molecularFormula" : "C16H11O7",
    "massDeviation" : "-1.277659954064229 ppm (-4.012399094222019E-4 m/z)",
    "recalibratedMassDeviation" : "-0.17310161273021885 ppm (-5.436137519154727E-5 m/z)",
    "score" : 5.401062811678991,
    "scores" : {
      "TreeSizeScorer" : 2.5,
      "StrangeElementFragmentScorer" : 0.0,
      "StrangeElementSmallFragmentScorer" : 0.0,
      "Common Fragments" : 0.0,
      "Mass Deviation" : -0.006929623471461745,
      "CarbohydrogenFragment" : 0.7338030661704502,
      "MS2-Isotopes" : 0.0,
      "FragmentSizeScorer" : 0.0,
      "PhosphorScorer" : 0.0,
      "ClippedPeakIsNoiseScorer" : 2.1741893689800027
    },
    "molecularFormula" : "C16H11O7",
    "relativeIntensity" : 0.1670970970970971,
    "ion" : "[M - H]-",
    "mz" : 314.0428,
    "recalibratedMass" : 314.04314687853423,
    "peaks" : [ {
      "intensity" : 166.93,
      "ce" : "none",
      "spectrum" : 0,
      "mz" : 314.0428
    } ]
  }, {
    "id" : 7,
    "molecularFormula" : "C16H10O7",
    "massDeviation" : "-0.8823544370932581 ppm (-2.7620790945093177E-4 m/z)",
    "recalibratedMassDeviation" : "0.22309834984456847 ppm (6.983769145563201E-5 m/z)",
    "score" : 3.1444540255407962,
    "scores" : {
      "TreeSizeScorer" : 2.5,
      "StrangeElementFragmentScorer" : 0.0,
      "StrangeElementSmallFragmentScorer" : 0.0,
      "Common Fragments" : 0.0,
      "Mass Deviation" : -0.008939994799371907,
      "CarbohydrogenFragment" : 0.0,
      "MS2-Isotopes" : 0.0,
      "FragmentSizeScorer" : 0.0,
      "PhosphorScorer" : 0.0,
      "ClippedPeakIsNoiseScorer" : 0.6533940203401682
    },
    "molecularFormula" : "C16H10O7",
    "relativeIntensity" : 0.009899899899899901,
    "ion" : "[M - H]-",
    "mz" : 313.0351,
    "recalibratedMass" : 313.0354460456009,
    "peaks" : [ {
      "intensity" : 9.89,
      "ce" : "none",
      "spectrum" : 0,
      "mz" : 313.0351
    } ]
  }, {
    "id" : 8,
    "molecularFormula" : "C15H8O7",
    "massDeviation" : "-0.756284822421907 ppm (-2.261439094581874E-4 m/z)",
    "recalibratedMassDeviation" : "0.3622396305800931 ppm (1.0831683437118045E-4 m/z)",
    "score" : 2.780719857103517,
    "scores" : {
      "TreeSizeScorer" : 2.5,
      "StrangeElementFragmentScorer" : 0.0,
      "StrangeElementSmallFragmentScorer" : 0.0,
      "Common Fragments" : 0.0,
      "Mass Deviation" : -0.014555905410218856,
      "CarbohydrogenFragment" : 0.0,
      "MS2-Isotopes" : 0.0,
      "FragmentSizeScorer" : 0.0,
      "PhosphorScorer" : 0.0,
      "ClippedPeakIsNoiseScorer" : 0.29527576251373566
    },
    "molecularFormula" : "C15H8O7",
    "relativeIntensity" : 0.004204204204204204,
    "ion" : "[M - H]-",
    "mz" : 299.0195,
    "recalibratedMass" : 299.0198344607438,
    "peaks" : [ {
      "intensity" : 4.2,
      "ce" : "none",
      "spectrum" : 0,
      "mz" : 299.0195
    } ]
  }, {
    "id" : 9,
    "molecularFormula" : "C15H12O6",
    "massDeviation" : "-1.0856840706299422 ppm (-3.1165190944193455E-4 m/z)",
    "recalibratedMassDeviation" : "0.04500866787906677 ppm (1.2920013773509709E-5 m/z)",
    "score" : 2.61647975524033,
    "scores" : {
      "TreeSizeScorer" : 2.5,
      "StrangeElementFragmentScorer" : 0.0,
      "StrangeElementSmallFragmentScorer" : 0.0,
      "Common Fragments" : 0.0,
      "Mass Deviation" : -0.0017971985388020876,
      "CarbohydrogenFragment" : 0.0,
      "MS2-Isotopes" : 0.0,
      "FragmentSizeScorer" : 0.0,
      "PhosphorScorer" : 0.0,
      "ClippedPeakIsNoiseScorer" : 0.11827695377913201
    },
    "molecularFormula" : "C15H12O6",
    "relativeIntensity" : 0.002702702702702703,
    "ion" : "[M - H]-",
    "mz" : 287.0558,
    "recalibratedMass" : 287.0561245719232,
    "peaks" : [ {
      "intensity" : 2.7,
      "ce" : "none",
      "spectrum" : 0,
      "mz" : 287.0558
    } ]
  }, {
    "id" : 10,
    "molecularFormula" : "C9H6O5",
    "massDeviation" : "-1.2788704935230493 ppm (-2.4683990943685785E-4 m/z)",
    "recalibratedMassDeviation" : "0.0 ppm (0.0 m/z)",
    "score" : 3.0108620508704442,
    "scores" : {
      "TreeSizeScorer" : 2.5,
      "StrangeElementFragmentScorer" : 0.0,
      "StrangeElementSmallFragmentScorer" : 0.0,
      "Common Fragments" : 0.0,
      "Mass Deviation" : 0.0,
      "CarbohydrogenFragment" : 0.0,
      "MS2-Isotopes" : 0.0,
      "FragmentSizeScorer" : 0.06985999999999981,
      "PhosphorScorer" : 0.0,
      "ClippedPeakIsNoiseScorer" : 0.4410020508704443
    },
    "molecularFormula" : "C9H6O5",
    "relativeIntensity" : 0.005995995995995996,
    "ion" : "[M - H]-",
    "mz" : 193.014,
    "recalibratedMass" : 193.01424683990945,
    "peaks" : [ {
      "intensity" : 5.99,
      "ce" : "none",
      "spectrum" : 0,
      "mz" : 193.014
    } ]
  }, {
    "id" : 11,
    "molecularFormula" : "C8H6O4",
    "massDeviation" : "-2.0132221711854856 ppm (-3.3221990946685764E-4 m/z)",
    "recalibratedMassDeviation" : "-0.6576190939689924 ppm (-1.0851979237713749E-4 m/z)",
    "score" : 3.071968307340818,
    "scores" : {
      "TreeSizeScorer" : 2.5,
      "StrangeElementFragmentScorer" : 0.0,
      "StrangeElementSmallFragmentScorer" : 0.0,
      "Common Fragments" : 0.0,
      "Mass Deviation" : -0.021881576623931375,
      "CarbohydrogenFragment" : 0.0,
      "MS2-Isotopes" : 0.0,
      "FragmentSizeScorer" : 0.34980999999999995,
      "PhosphorScorer" : 0.0,
      "ClippedPeakIsNoiseScorer" : 0.2440398839647499
    },
    "molecularFormula" : "C8H6O4",
    "relativeIntensity" : 0.003703703703703704,
    "ion" : "[M - H]-",
    "mz" : 165.019,
    "recalibratedMass" : 165.0192237001171,
    "peaks" : [ {
      "intensity" : 3.7,
      "ce" : "none",
      "spectrum" : 0,
      "mz" : 165.019
    } ]
  } ],
  "losses" : [ {
    "source" : 0,
    "target" : 1,
    "molecularFormula" : "C6H10O4",
    "score" : -2.644205120419249,
    "scores" : {
      "StrangeElementLossScorer" : 0.0,
      "LossSizeScorer" : -1.4901834039071122,
      "Loss RDBE" : 0.0,
      "Free Radical" : 0.011626542158820332,
      "PureCarbonNitrogenLossScorer" : 0.0,
      "CommonLossEdgeScorer" : -1.1656482586709571,
      "MS2-Isotopes" : 0.0,
      "PhosphorScorer" : 0.0,
      "AdductSwitchLossScorer" : 0.0,
      "MultimereLossScorer" : 0.0
    }
  }, {
    "source" : 1,
    "target" : 2,
    "molecularFormula" : "C10H18O8",
    "score" : -3.6442547296581305,
    "scores" : {
      "StrangeElementLossScorer" : 0.0,
      "LossSizeScorer" : -4.511757815917951,
      "Loss RDBE" : 0.0,
      "Free Radical" : 0.011626542158820332,
      "PureCarbonNitrogenLossScorer" : 0.0,
      "CommonLossEdgeScorer" : 0.8558765441010001,
      "MS2-Isotopes" : 0.0,
      "PhosphorScorer" : 0.0,
      "AdductSwitchLossScorer" : 0.0,
      "MultimereLossScorer" : 0.0
    }
  }, {
    "source" : 2,
    "target" : 3,
    "molecularFormula" : "CH2O",
    "score" : -1.6975705268905739,
    "scores" : {
      "StrangeElementLossScorer" : 0.0,
      "LossSizeScorer" : 0.9544352362130306,
      "Loss RDBE" : 0.0,
      "Free Radical" : -0.09373397349900595,
      "PureCarbonNitrogenLossScorer" : 0.0,
      "CommonLossEdgeScorer" : -2.5582717896045986,
      "MS2-Isotopes" : 0.0,
      "PhosphorScorer" : 0.0,
      "AdductSwitchLossScorer" : 0.0,
      "MultimereLossScorer" : 0.0
    }
  }, {
    "source" : 2,
    "target" : 4,
    "molecularFormula" : "C2HO",
    "score" : -3.8790361582280446,
    "scores" : {
      "StrangeElementLossScorer" : 0.0,
      "LossSizeScorer" : 1.1067270185436158,
      "Loss RDBE" : 0.0,
      "Free Radical" : -2.2909585508352253,
      "PureCarbonNitrogenLossScorer" : 0.0,
      "CommonLossEdgeScorer" : -2.694804625936435,
      "MS2-Isotopes" : 0.0,
      "PhosphorScorer" : 0.0,
      "AdductSwitchLossScorer" : 0.0,
      "MultimereLossScorer" : 0.0
    }
  }, {
    "source" : 2,
    "target" : 5,
    "molecularFormula" : "C2H2O",
    "score" : -0.38658388768199536,
    "scores" : {
      "StrangeElementLossScorer" : 0.0,
      "LossSizeScorer" : 1.1055062576628263,
      "Loss RDBE" : 0.0,
      "Free Radical" : 0.011626542158820332,
      "PureCarbonNitrogenLossScorer" : 0.0,
      "CommonLossEdgeScorer" : -1.503716687503642,
      "MS2-Isotopes" : 0.0,
      "PhosphorScorer" : 0.0,
      "AdductSwitchLossScorer" : 0.0,
      "MultimereLossScorer" : 0.0
    }
  }, {
    "source" : 4,
    "target" : 6,
    "molecularFormula" : "H2",
    "score" : -0.6134939003652864,
    "scores" : {
      "StrangeElementLossScorer" : 0.0,
      "LossSizeScorer" : -13.403854245294813,
      "Loss RDBE" : 0.0,
      "Free Radical" : 0.011626542158820332,
      "PureCarbonNitrogenLossScorer" : 0.0,
      "CommonLossEdgeScorer" : 12.778733802770706,
      "MS2-Isotopes" : 0.0,
      "PhosphorScorer" : 0.0,
      "AdductSwitchLossScorer" : 0.0,
      "MultimereLossScorer" : 0.0
    }
  }, {
    "source" : 5,
    "target" : 7,
    "molecularFormula" : "H2",
    "score" : -0.5943519143831306,
    "scores" : {
      "StrangeElementLossScorer" : 0.0,
      "LossSizeScorer" : -13.384712259312657,
      "Loss RDBE" : 0.0,
      "Free Radical" : 0.011626542158820332,
      "PureCarbonNitrogenLossScorer" : 0.0,
      "CommonLossEdgeScorer" : 12.778733802770706,
      "MS2-Isotopes" : 0.0,
      "PhosphorScorer" : 0.0,
      "AdductSwitchLossScorer" : 0.0,
      "MultimereLossScorer" : 0.0
    }
  }, {
    "source" : 6,
    "target" : 8,
    "molecularFormula" : "CH3",
    "score" : 0.9582992870732372,
    "scores" : {
      "StrangeElementLossScorer" : 0.0,
      "LossSizeScorer" : -0.4949013803909583,
      "Loss RDBE" : 0.0,
      "Free Radical" : -0.09373397349900595,
      "PureCarbonNitrogenLossScorer" : 0.0,
      "CommonLossEdgeScorer" : 1.5469346409632014,
      "MS2-Isotopes" : 0.0,
      "PhosphorScorer" : 0.0,
      "AdductSwitchLossScorer" : 0.0,
      "MultimereLossScorer" : 0.0
    }
  }, {
    "source" : 5,
    "target" : 9,
    "molecularFormula" : "CO",
    "score" : 1.3683409968776918,
    "scores" : {
      "StrangeElementLossScorer" : 0.0,
      "LossSizeScorer" : 0.8780437495730737,
      "Loss RDBE" : 0.0,
      "Free Radical" : 0.011626542158820332,
      "PureCarbonNitrogenLossScorer" : 0.0,
      "CommonLossEdgeScorer" : 0.4786707051457979,
      "MS2-Isotopes" : 0.0,
      "PhosphorScorer" : 0.0,
      "AdductSwitchLossScorer" : 0.0,
      "MultimereLossScorer" : 0.0
    }
  }, {
    "source" : 9,
    "target" : 10,
    "molecularFormula" : "C6H6O",
    "score" : -2.6885835589578466,
    "scores" : {
      "StrangeElementLossScorer" : 0.0,
      "LossSizeScorer" : -0.005405475180231711,
      "Loss RDBE" : 0.0,
      "Free Radical" : 0.011626542158820332,
      "PureCarbonNitrogenLossScorer" : 0.0,
      "CommonLossEdgeScorer" : -2.694804625936435,
      "MS2-Isotopes" : 0.0,
      "PhosphorScorer" : 0.0,
      "AdductSwitchLossScorer" : 0.0,
      "MultimereLossScorer" : 0.0
    }
  }, {
    "source" : 10,
    "target" : 11,
    "molecularFormula" : "CO",
    "score" : 1.3683626059097036,
    "scores" : {
      "StrangeElementLossScorer" : 0.0,
      "LossSizeScorer" : 0.8780653586050855,
      "Loss RDBE" : 0.0,
      "Free Radical" : 0.011626542158820332,
      "PureCarbonNitrogenLossScorer" : 0.0,
      "CommonLossEdgeScorer" : 0.4786707051457979,
      "MS2-Isotopes" : 0.0,
      "PhosphorScorer" : 0.0,
      "AdductSwitchLossScorer" : 0.0,
      "MultimereLossScorer" : 0.0
    }
  } ]
}