{
  "molecularFormula" : "C34H42O20",
  "root" : "C34H42O20",
  "annotations" : {
    "recalibration" : {
      "merged" : "1.0x"
    },
    "precursorIonType" : "[M - H]-",
    "nodeBoost" : 3.0,
    "statistics" : {
      "explainedIntensity" : 0.0,
      "explainedIntensityOfExplainablePeaks" : 0.0,
      "ratioOfExplainedPeaks" : 0.0
    },
    "numberOfUnconsideredCandidates" : 0,
    "lowestConsideredCandidateScore" : 5.8926897940423135
  },
  "fragments" : [ {
    "id" : 0,
    "molecularFormula" : "C34H42O20",
    "massDeviation" : "-2.5575229345465416 ppm (-0.0019672919094091412 m/z)",
    "recalibratedMassDeviation" : "-2.5575229345465416 ppm (-0.0019672919094091412 m/z)",
    "score" : 5.8926897940423135,
    "scores" : {
      "Chemical Prior" : 1.0,
      "MS-Isotopes" : 0.0,
      "Mass Deviation" : -0.10731020595768645,
      "CarbohydrogenCompound" : 5.0,
      "motif-search" : 0.0,
      "MS2-Isotopes" : 0.0,
      "PhosphorScorer" : 0.0,
      "BeautificationScorer" : -0.0,
      "IntrinsicallyChargedScorer" : 0.0,
      "StrangeElementRootScorer" : 0.0
    },
    "molecularFormula" : "C34H42O20",
    "relativeIntensity" : 1.0,
    "ion" : "[M - H]-",
    "mz" : 769.2177,
    "recalibratedMass" : 769.2177,
    "peaks" : [ {
      "intensity" : 100.0,
      "ce" : "none",
      "spectrum" : 0,
      "mz" : 769.2177
    } ]
  } ],
  "losses" : [ ]
}