NAME,key,PRECURSORMZ,InChIKey,Formula,ExactMass,adduct,Spectrum_type,RETENTIONTIME,Average_mz,Comment,Alignment_ID,Num_Peaks,msms,count,intensity,mix_label,row_num,mass_recalibrated
2-hydroxyquinoline,LISFMEBWQUVKPJ-UHFFFAOYSA-N[M-H]-,144.04548738284,LISFMEBWQUVKPJ-UHFFFAOYSA-N,C9H7NO,145.052763847,[M-H]-,MS2,2.66,144.04523,493UVPD intensity 3107495,493,11,"45.82658	1742
48.06882	2025
54.99358	1852
55.12077	1948
59.66621	1962
61.98815	2218
65.12176	1909
70.8002	1911
99.92524	2103
118.23983	2017
144.04391	8625",2,3107495,NEG_1,0,"45.827035	1742.0
48.069272	2025.0
54.99402	1852.0
55.12121	1948.0
59.666643	1962.0
61.988579	2218.0
65.122184	1909.0
70.800614	1911.0
99.925607	2103.0
118.240166	2017.0
144.044204	8625.0"
2-hydroxyquinoline,LISFMEBWQUVKPJ-UHFFFAOYSA-N[M-H]-,144.04548738284,LISFMEBWQUVKPJ-UHFFFAOYSA-N,C9H7NO,145.052763847,[M-H]-,MS2,2.884,144.04523,494UVPD intensity 2400489,494,5,"42.97059	1856
61.98815	2349
66.34786	2055
109.94895	1994
144.04391	54570",2,2400489,NEG_1,1,"42.97105	1856.0
61.988579	2349.0
66.348282	2055.0
109.9493	1994.0
144.044204	54570.0"
2-[(1S)-1-hydroxyethyl]-1H-quinazolin-4-one,BMBSGGZMJQTQSO-LURJTMIESA-N[M-H]-,189.06695110353,BMBSGGZMJQTQSO-LURJTMIESA-N,C10H10N2O2,190.074227566,[M-H]-,MS2,2.44,189.06717,1059UVPD intensity 161086672,1059,19,"47.21313	1912
60.53658	1824
63.96995	1724
69.03542	2046
71.01302	5302
97.70658	2001
138.98442	1973
145.0289	15673
146.0354	45855
153.95018	2167
159.04414	5655
161.05925	39111
173.0233	58788
174.03192	200229
175.07675	2007
176.0081	2659
185.31638	2159
188.04642	11220
189.0554	268628",1,161086672,NEG_1,2,"47.213583	1912.0
60.537011	1824.0
63.970375	1724.0
69.035837	2046.0
71.013434	5302.0
97.70695	2001.0
138.984722	1973.0
145.029193	15673.0
146.035691	45855.0
153.950458	2167.0
159.04441	5655.0
161.059516	39111.0
173.023547	58788.0
174.032165	200229.0
175.076993	2007.0
176.008342	2659.0
185.316606	2159.0
188.046642	11220.0
189.05562	268628.0"
"(4S,5Z,6S)-4-(2-methoxy-2-oxoethyl)-5-[2-[(E)-3-phenylprop-2-enoyl]oxyethylidene]-6-[(2S,3R,4S,5S,6R)-3,4,5-trihydroxy-6-(hydroxymethyl)oxan-2-yl]oxy-4H-pyran-3-carboxylic acid",AETKQQBRKSELEL-ZHACJKMWSA-N[M-H2O-H]-,205.0653396259,AETKQQBRKSELEL-ZHACJKMWSA-N,C15H12O2,224.083729621,[M-H2O-H]-,MS2,2.232,205.06136,1270UVPD intensity 2570520,1270,12,"42.51846	2262
45.28881	2017
71.79877	1869
76.44717	1977
76.55708	1689
79.95632	27330
80.96435	64686
111.92841	8078
126.20437	1807
200.97438	1914
204.91292	144677
205.061	2618",1,2570520,NEG_1,3,"42.518921	2262.0
45.289266	2017.0
71.799183	1869.0
76.447575	1977.0
76.557485	1689.0
79.956719	27330.0
80.964748	64686.0
111.928757	8078.0
126.204693	1807.0
200.974581	1914.0
204.913114	144677.0
205.061194	2618.0"
"(4S,5Z,6S)-4-(2-methoxy-2-oxoethyl)-5-[2-[(E)-3-phenylprop-2-enoyl]oxyethylidene]-6-[(2S,3R,4S,5S,6R)-3,4,5-trihydroxy-6-(hydroxymethyl)oxan-2-yl]oxy-4H-pyran-3-carboxylic acid",AETKQQBRKSELEL-ZHACJKMWSA-N[M-H]-,223.07645315913,AETKQQBRKSELEL-ZHACJKMWSA-N,C15H12O2,224.083729621,[M-H]-,MS2,5.653,223.07681,1544UVPD intensity 121386768,1544,10,"50.7457	1882
51.9987	1808
52.84541	1801
57.53226	1849
81.38835	1698
83.77362	1953
96.82197	2036
141.01527	21284
223.01697	4233
223.07419	5868",1,121386768,NEG_1,4,"50.746147	1882.0
51.999145	1808.0
52.845854	1801.0
57.532696	1849.0
81.388747	1698.0
83.774013	1953.0
96.822342	2036.0
141.015569	21284.0
223.017135	4233.0
223.074355	5868.0"
Anhydrobrazilic Acid,KVQVEJPIQHNLTM-UHFFFAOYSA-N[M-H]-,233.04554695338,KVQVEJPIQHNLTM-UHFFFAOYSA-N,C12H10O5,234.05282342,[M-H]-,MS2,2.363,233.04543,1675UVPD intensity 10826751,1675,5,"108.28479	1963
138.11078	2026
145.23914	2073
189.0554	2840
232.97461	8024",1,10826751,NEG_1,5,"108.285143	1963.0
138.111084	2026.0
145.239432	2073.0
189.05562	2840.0
232.974758	8024.0"
"2',4-Dihydroxychalcone",FGPJTMCJNPRZGF-JXMROGBWSA-N[M-H]-,239.0713677787,FGPJTMCJNPRZGF-JXMROGBWSA-N,C15H12O3,240.078644241,[M-H]-,MS2,4.789,239.07166,1789UVPD intensity 989231808,1789,11,"46.04215	1930
46.31876	2181
48.19501	2060
59.27087	2195
64.57402	1747
75.88696	2122
91.81191	2015
119.05006	13442
159.93504	2012
191.84312	2069
239.07018	29450",1,989231808,NEG_1,6,"46.042605	1930.0
46.319214	2181.0
48.195461	2060.0
59.271303	2195.0
64.574445	1747.0
75.887366	2122.0
91.81229	2015.0
119.050395	13442.0
159.935308	2012.0
191.843336	2069.0
239.070318	29450.0"
2-(7-methoxy-2-oxochromen-8-yl)-3-methylbut-2-enal,PBAZKMWQUBDDLZ-UHFFFAOYSA-N[M-H2O-H]-,239.0708189295,PBAZKMWQUBDDLZ-UHFFFAOYSA-N,C15H14O4,258.08920892,[M-H2O-H]-,MS2,4.789,239.07166,1789UVPD intensity 989231808,1789,11,"46.04215	1930
46.31876	2181
48.19501	2060
59.27087	2195
64.57402	1747
75.88696	2122
91.81191	2015
119.05006	13442
159.93504	2012
191.84312	2069
239.07018	29450",1,989231808,NEG_1,7,"46.042605	1930.0
46.319214	2181.0
48.195461	2060.0
59.271303	2195.0
64.574445	1747.0
75.887366	2122.0
91.81229	2015.0
119.050395	13442.0
159.935308	2012.0
191.843336	2069.0
239.070318	29450.0"
Prenyletin,AWEFUQDNSBBNCR-UHFFFAOYSA-N[M-H]-,245.08193246273,AWEFUQDNSBBNCR-UHFFFAOYSA-N,C14H14O4,246.08920892,[M-H]-,MS2,3.322,245.08179,1897UVPD intensity 3042776,1897,8,"52.68698	1898
63.75025	1714
65.22173	1758
147.44759	1963
183.0063	2000
193.99777	1923
242.47536	2234
245.08237	8304",2,3042776,NEG_1,8,"52.687424	1898.0
63.750676	1714.0
65.222153	1758.0
147.447879	1963.0
183.00653	2000.0
193.997982	1923.0
242.475493	2234.0
245.082498	8304.0"
Prenyletin,AWEFUQDNSBBNCR-UHFFFAOYSA-N[M-H]-,245.08193246273,AWEFUQDNSBBNCR-UHFFFAOYSA-N,C14H14O4,246.08920892,[M-H]-,MS2,4.086,245.08191,1898UVPD intensity 93406408,1898,8,"92.02573	12710
104.0258	77305
120.02099	80850
148.01628	17568
176.0106	1803817
177.0177	296176
177.05563	2572
245.08237	1295338",2,93406408,NEG_1,9,"92.026109	12710.0
104.02616	77305.0
120.021324	80850.0
148.016568	17568.0
176.010842	1803817.0
177.01794	296176.0
177.05587	2572.0
245.082498	1295338.0"
"(E)-5-hydroxy-1,7-diphenylhept-1-en-3-one",OUAINJWTDRNZIJ-ACCUITESSA-N[M-H2O-H]-,261.12793988374,OUAINJWTDRNZIJ-ACCUITESSA-N,C19H20O2,280.146329876,[M-H2O-H]-,MS2,5.117,261.12851,2137UVPD intensity 3031777,2137,3,"80.72321	1797
154.74689	2160
261.12805	8189",2,3031777,NEG_1,10,"80.723608	1797.0
154.747167	2160.0
261.128152	8189.0"
"(E)-5-hydroxy-1,7-diphenylhept-1-en-3-one",OUAINJWTDRNZIJ-ACCUITESSA-N[M-H2O-H]-,261.12793988374,OUAINJWTDRNZIJ-ACCUITESSA-N,C19H20O2,280.146329876,[M-H2O-H]-,MS2,5.822,261.12851,2138UVPD intensity 2053689,2138,6,"54.79752	1833
60.34085	2194
122.66702	2109
147.92545	2536
181.85559	2104
261.12805	5665",2,2053689,NEG_1,11,"54.797961	1833.0
60.341281	2194.0
122.667349	2109.0
147.925738	2536.0
181.855822	2104.0
261.128152	5665.0"
Estrone,DNXHEGUUPJUMQT-CBZIJGRNSA-N[M-H]-,269.15470348143,DNXHEGUUPJUMQT-CBZIJGRNSA-N,C18H22O2,270.16197994,[M-H]-,MS2,4.537,269.15469,2258UVPD intensity 8311427,2258,8,"45.29143	1788
55.09135	1839
128.64099	2326
176.0056	2183
203.38162	2212
269.15479	39424
269.20694	2860
269.24963	2561",1,8311427,NEG_1,12,"45.291886	1788.0
55.09179	1839.0
128.641309	2326.0
176.005842	2183.0
203.381817	2212.0
269.154879	39424.0
269.207029	2860.0
269.249719	2561.0"
"(E)-5-hydroxy-1,7-diphenylhept-1-en-3-one",OUAINJWTDRNZIJ-ACCUITESSA-N[M-H]-,279.13905341697,OUAINJWTDRNZIJ-ACCUITESSA-N,C19H20O2,280.146329876,[M-H]-,MS2,5.117,279.13898,2396UVPD intensity 2999935,2396,8,"66.02818	1825
79.77013	1768
100.86477	1984
125.59318	2069
172.23436	1989
261.12805	2528
279.13782	8477
279.1929	2065",1,2999935,NEG_1,13,"66.028602	1825.0
79.77053	1768.0
100.865135	1984.0
125.593504	2069.0
172.234608	1989.0
261.128152	2528.0
279.137893	8477.0
279.192972	2065.0"
5-hydroxy-7-(hydroxymethyl)-2-methyl-2-(5-oxooxolan-2-yl)-3H-chromen-4-one,UTMLPTPULBHGMZ-UHFFFAOYSA-N[M-H]-,291.08741176633,UTMLPTPULBHGMZ-UHFFFAOYSA-N,C15H16O6,292.09468823,[M-H]-,MS2,3.634,291.08719,2594UVPD intensity 3053510,2594,7,"116.42515	1861
140.98831	1943
156.56906	2152
180.2939	2276
182.77263	1944
235.46056	2163
291.08395	30481",2,3053510,NEG_1,14,"116.425489	1861.0
140.988609	1943.0
156.569334	2152.0
180.294135	2276.0
182.772861	1944.0
235.460704	2163.0
291.084003	30481.0"
5-hydroxy-7-(hydroxymethyl)-2-methyl-2-(5-oxooxolan-2-yl)-3H-chromen-4-one,UTMLPTPULBHGMZ-UHFFFAOYSA-N[M-H]-,291.08741176633,UTMLPTPULBHGMZ-UHFFFAOYSA-N,C15H16O6,292.09468823,[M-H]-,MS2,3.066,291.08777,2597UVPD intensity 368246112,2597,9,"50.17502	1805
65.66792	2175
74.0194	1996
139.39166	2250
220.34525	2222
224.68895	1859
236.39818	1801
276.63629	1963
291.08395	16711",2,368246112,NEG_1,15,"50.175468	1805.0
65.668343	2175.0
74.019809	1996.0
139.391962	2250.0
220.345419	2222.0
224.689112	1859.0
236.398323	1801.0
276.636367	1963.0
291.084003	16711.0"
Prenyletin,AWEFUQDNSBBNCR-UHFFFAOYSA-N[M+C2H4O2-H]-,305.1030599295,AWEFUQDNSBBNCR-UHFFFAOYSA-N,C14H14O4,246.08920892,[M+C2H4O2-H]-,MS2,3.475,305.10251,2830UVPD intensity 991200,2830,5,"51.774	1871
156.87871	1929
160.03499	1884
208.88734	2096
305.1026	7653",1,991200,NEG_1,16,"51.774446	1871.0
156.878983	1929.0
160.035258	1884.0
208.887528	2096.0
305.10263	7653.0"
calopocarpin,CYXCYFYWIZXENQ-JXFKEZNVSA-N[M-H]-,323.12888265611,CYXCYFYWIZXENQ-JXFKEZNVSA-N,C20H20O4,324.13615911,[M-H]-,MS2,4.865,323.12885,3129UVPD intensity 172062784,3129,12,"49.56855	1984
52.84417	1938
66.19148	1864
109.02895	4265
135.04372	2244
140.58301	2030
175.07675	2373
229.92776	1881
268.07245	4256
308.10547	3244
322.11746	16791
323.12531	300875",1,172062784,NEG_1,17,"49.568999	1984.0
52.844614	1938.0
66.191902	1864.0
109.029302	4265.0
135.044029	2244.0
140.58331	2030.0
175.076993	2373.0
229.927913	1881.0
268.072541	4256.0
308.105495	3244.0
322.117462	16791.0
323.12531	300875.0"
"Totarol-19-Carboxylic Acid, Methyl Ester",VEJJMTHWRMKGKN-SJRAPUSDSA-N[M-H]-,329.21221835884,VEJJMTHWRMKGKN-SJRAPUSDSA-N,C21H30O3,330.21949481,[M-H]-,MS2,6.298,329.21182,3245UVPD intensity 34287152,3245,7,"50.72902	1986
65.46899	1911
103.42584	1961
120.89959	1761
135.67433	2363
293.81146	2122
329.20874	13759",1,34287152,NEG_1,18,"50.729467	1986.0
65.469413	1911.0
103.426201	1961.0
120.899922	1761.0
135.674638	2363.0
293.811508	2122.0
329.20873	13759.0"
"9-methoxy-4,4-dimethyl-13-phenyl-6,14-dioxatetracyclo[8.4.0.0²,?.0³,?]tetradeca-1,7,9-trien-11-one",NGRRXMZEVSBATO-UHFFFAOYSA-N[M-H]-,335.12888265611,NGRRXMZEVSBATO-UHFFFAOYSA-N,C21H20O4,336.13615911,[M-H]-,MS2,6.174,335.12851,3345UVPD intensity 406978,3345,5,"76.18307	1920
90.70194	1769
117.40777	1936
177.88817	2011
202.72929	2174",1,406978,NEG_1,19,"76.183475	1920.0
90.702322	1769.0
117.408108	1936.0
177.888409	2011.0
202.729488	2174.0"
Kinetin Riboside,CAGLGYNQQSIUGX-SDBHATRESA-N[M-H]-,346.11569220113995,CAGLGYNQQSIUGX-SDBHATRESA-N,C15H17N5O5,347.12296866,[M-H]-,MS2,2.684,346.11639,3563UVPD intensity 38409328,3563,8,"60.05704	1967
87.70496	1813
98.69279	1892
104.59078	1964
214.0739	8259
237.64789	2360
258.431	2215
346.1152	164065",1,38409328,NEG_1,20,"60.057472	1967.0
87.705347	1813.0
98.693159	1892.0
104.591139	1964.0
214.074079	8259.0
237.648031	2360.0
258.431107	2215.0
346.115163	164065.0"
"methyl 2-[(4aR,5R,6R,7S,8aR)-8a-ethenyl-5,7-dihydroxy-4-methylidene-3-oxo-1,4a,5,6,7,8-hexahydroisochromen-6-yl]prop-2-enoate",YTDYKYPXYRZGQN-SUNOKAMTSA-N[M+C2H4O2-H]-,367.13983936202,YTDYKYPXYRZGQN-SUNOKAMTSA-N,C16H20O6,308.12598835,[M+C2H4O2-H]-,MS2,2.363,367.13977,3923UVPD intensity 18741960,3923,8,"66.51469	1865
67.80571	2095
100.13791	2201
128.04782	2518
130.87517	2094
157.34172	2120
251.69255	2258
367.13669	9139",1,18741960,NEG_1,21,"66.515111	1865.0
67.806129	2095.0
100.138276	2201.0
128.04814	2518.0
130.875486	2094.0
157.341992	2120.0
251.692668	2258.0
367.136618	9139.0"
calopocarpin,CYXCYFYWIZXENQ-JXFKEZNVSA-N[M+C2H4O2-H]-,383.15001012288,CYXCYFYWIZXENQ-JXFKEZNVSA-N,C20H20O4,324.13615911,[M+C2H4O2-H]-,MS2,4.737,383.14975,4228UVPD intensity 2740996,4228,6,"62.72186	1874
63.08284	1934
69.09026	2076
154.74689	2806
197.59781	2049
263.3483	1848",1,2740996,NEG_1,22,"62.722288	1874.0
63.083267	1934.0
69.090677	2076.0
154.747167	2806.0
197.598016	2049.0
263.348398	1848.0"
"Totarol-19-Carboxylic Acid, Methyl Ester",VEJJMTHWRMKGKN-SJRAPUSDSA-N[M+C2H4O2-H]-,389.23334582561,VEJJMTHWRMKGKN-SJRAPUSDSA-N,C21H30O3,330.21949481,[M+C2H4O2-H]-,MS2,2.937,389.23361,4341UVPD intensity 25373220,4341,5,"59.13638	1873
71.65009	1925
79.95018	2134
162.89839	2288
389.23303	947430",1,25373220,NEG_1,23,"59.136813	1873.0
71.650503	1925.0
79.950579	2134.0
162.898653	2288.0
389.232922	947430.0"
DIGOXIGENIN,SHIBSTMRCDJXLN-KCZCNTNESA-N[M-H]-,389.2333477269,SHIBSTMRCDJXLN-KCZCNTNESA-N,C23H34O5,390.24062418,[M-H]-,MS2,2.937,389.23361,4341UVPD intensity 25373220,4341,5,"59.13638	1873
71.65009	1925
79.95018	2134
162.89839	2288
389.23303	947430",1,25373220,NEG_1,24,"59.136813	1873.0
71.650503	1925.0
79.950579	2134.0
162.898653	2288.0
389.232922	947430.0"
Kinetin Riboside,CAGLGYNQQSIUGX-SDBHATRESA-N[M+C2H4O2-H]-,406.13681966791,CAGLGYNQQSIUGX-SDBHATRESA-N,C15H17N5O5,347.12296866,[M+C2H4O2-H]-,MS2,2.684,406.13678,4611UVPD intensity 30779902,4611,17,"54.60468	2109
68.76833	1870
86.12957	1954
113.73878	2059
129.00989	2398
130.72261	2076
133.03784	8538
134.04681	11181
214.0739	73431
215.28619	2182
302.53287	1989
325.10486	14294
345.10809	17378
346.1152	53376
346.64813	2281
383.42078	2192
406.13751	26201",1,30779902,NEG_1,25,"54.605121	2109.0
68.768748	1870.0
86.129959	1954.0
113.739124	2059.0
129.010209	2398.0
130.722926	2076.0
133.038152	8538.0
134.047121	11181.0
214.074079	73431.0
215.286367	2182.0
302.532904	1989.0
325.104857	14294.0
345.108054	17378.0
346.115163	53376.0
346.648092	2281.0
383.420681	2192.0
406.137374	26201.0"
"1',2'-dihydro-2',6-dihydroxyrotenone",NSFCLBVWJYYZMR-DNVFCKCGSA-N[M-H2O-H]-,409.12872773008,NSFCLBVWJYYZMR-DNVFCKCGSA-N,C23H24O8,428.14711772,[M-H2O-H]-,MS2,4.108,409.13007,4651UVPD intensity 18799064,4651,4,"90.8598	2800
175.07426	35370
276.1282	2201
409.12393	5490",1,18799064,NEG_1,26,"90.860181	2800.0
175.074503	35370.0
276.128277	2201.0
409.123789	5490.0"
"4-[3-[(2E)-3,7-dimethylocta-2,6-dienyl]-2,6-dihydroxybenzoyl]-3-formyl-5-hydroxybenzoic acid",MLSVKXQHUTYXHD-VIZOYTHASA-N[M-H]-,437.1605767082,MLSVKXQHUTYXHD-VIZOYTHASA-N,C25H26O7,438.16785316,[M-H]-,MS2,4.941,437.1608,5096UVPD intensity 635446656,5096,7,"65.94473	1864
79.27981	1919
138.60349	1937
154.73242	4085
160.20247	2076
350.95615	2226
376.51904	1865",1,635446656,NEG_1,27,"65.945152	1864.0
79.28021	1919.0
138.603793	1937.0
154.732697	4085.0
160.202738	2076.0
350.956105	2226.0
376.518953	1865.0"
[5-ethenyl-3-hydroxy-4-(3-hydroxyprop-1-en-2-yl)-2-(3-methoxy-3-oxoprop-1-en-2-yl)-5-methylcyclohexyl] 4-acetyloxy-3-hydroxy-2-methylidenebutanoate,XTMCUUVQSGQNSI-UHFFFAOYSA-N[M+C2H4O2-H]-,511.21848360749,XTMCUUVQSGQNSI-UHFFFAOYSA-N,C23H32O9,452.20463259,[M+C2H4O2-H]-,MS2,3.554,511.21826,6056UVPD intensity 26914498,6056,11,"65.47865	1857
93.16498	2067
101.96449	1707
108.40466	1934
162.60638	2023
209.34836	1874
218.36417	1982
244.25652	2007
245.01648	2288
375.86105	1818
511.21387	3282",1,26914498,NEG_1,28,"65.479073	1857.0
93.165358	2067.0
101.964853	1707.0
108.405013	1934.0
162.606644	2023.0
209.348547	1874.0
218.364342	1982.0
244.25665	2007.0
245.016609	2288.0
375.860964	1818.0
511.213562	3282.0"
"9-methoxy-7-[4-[(2S,3R,4S,5S,6R)-3,4,5-trihydroxy-6-(hydroxymethyl)oxan-2-yl]oxyphenyl]-[1,3]dioxolo[4,5-g]chromen-8-one",MLRDPISQDDYRHC-BSTKLLGTSA-N[M+C2H4O2-H]-,533.13006252433,MLRDPISQDDYRHC-BSTKLLGTSA-N,C23H22O11,474.11621151,[M+C2H4O2-H]-,MS2,3.198,533.1308,6299UVPD intensity 2703048,6299,11,"60.01259	1960
71.24293	2069
154.73242	2744
155.06357	1917
160.56882	1941
310.04221	2455
311.05862	2635
473.10666	2882
499.45825	2263
499.84195	2275
533.24506	3316",1,2703048,NEG_1,29,"60.013022	1960.0
71.243344	2069.0
154.732697	2744.0
155.063846	1917.0
160.569087	1941.0
310.042232	2455.0
311.05864	2635.0
473.106414	2882.0
499.457961	2263.0
499.841661	2275.0
533.244716	3316.0"
"[4,5-diacetyloxy-6-[7-hydroxy-5-methoxy-4-oxo-2-[4-[3,4,5-trihydroxy-6-(hydroxymethyl)oxan-2-yl]oxyphenyl]chromen-6-yl]oxan-3-yl] acetate",UPTPSJJNEWBOBD-UHFFFAOYSA-N[M-H]-,703.1879732262,UPTPSJJNEWBOBD-UHFFFAOYSA-N,C33H36O17,704.19524968,[M-H]-,MS2,3.554,703.18811,7709UVPD intensity 4782354,7709,5,"69.28984	1968
275.13583	2019
394.21027	2055
481.10587	2372
501.44144	2105",1,4782354,NEG_1,30,"69.290257	1968.0
275.135909	2019.0
394.210154	2055.0
481.105611	2372.0
501.441148	2105.0"
N-Methylisoleucine,KSPIYJQBLVDRRI-UHFFFAOYSA-N[M-H]-,144.10300226024998,KSPIYJQBLVDRRI-UHFFFAOYSA-N,C7H15NO2,145.110278721,[M-H]-,MS2,0.431,144.10283,498UVPD intensity 45207768,498,5,"50.2564	1718
50.39823	1954
59.40534	1824
103.17564	2111
144.1015	67547",1,45207768,NEG_2,31,"50.255362	1718.0
50.397193	1954.0
59.404327	1824.0
103.174742	2111.0
144.10071	67547.0"
1-[4-hydroxy-3-(3-methylbut-2-enyl)phenyl]ethanone,QJAPFSSVKIZTMR-UHFFFAOYSA-N[M-H]-,203.10775328805,QJAPFSSVKIZTMR-UHFFFAOYSA-N,C13H16O2,204.115029749,[M-H]-,MS2,4.472,203.10791,1236UVPD intensity 907294464,1236,7,"46.78352	1976
51.14783	1933
65.14434	2195
76.81015	2064
86.92628	1906
165.56915	2212
203.10793	76160",1,907294464,NEG_2,32,"46.782473	1976.0
51.146795	1933.0
65.143342	2195.0
76.809182	2064.0
86.925339	1906.0
165.568416	2212.0
203.107295	76160.0"
2-Hydroxychalcone,UDOOPSJCRMKSGL-ZHACJKMWSA-N[M-H]-,223.07645315913,UDOOPSJCRMKSGL-ZHACJKMWSA-N,C15H12O2,224.083729621,[M-H]-,MS2,5.658,223.07648,1543UVPD intensity 256649328,1543,8,"42.30143	1764
45.49172	1832
58.18953	1961
136.81142	1795
141.01532	18265
198.68179	2107
223.0206	2931
223.07425	24421",1,256649328,NEG_2,33,"42.300372	1764.0
45.49067	1832.0
58.188513	1961.0
136.81061	1795.0
141.014521	18265.0
198.681143	2107.0
223.020017	2931.0
223.073667	24421.0"
"(2R)-5-methoxy-2-methyl-2,3,8,9-tetrahydrofuro[2,3-h]chromen-4-one",BCRRDBKZXSRMHL-SSDOTTSWSA-N[M-H]-,233.08193246273,BCRRDBKZXSRMHL-SSDOTTSWSA-N,C13H14O4,234.08920892,[M-H]-,MS2,4.015,233.08153,1679UVPD intensity 617566,1679,4,"50.27248	1770
71.12817	1826
232.97466	2630
233.08159	2243",1,617566,NEG_2,34,"50.271443	1770.0
71.127187	1826.0
232.974104	2630.0
233.081034	2243.0"
"Methyl 3,4,5-trimethoxycinnamate",KLXHCGFNNUQTEY-AATRIKPKSA-N[M-H2O-H]-,233.08138361353,KLXHCGFNNUQTEY-AATRIKPKSA-N,C13H16O5,252.09977361,[M-H2O-H]-,MS2,4.015,233.08153,1679UVPD intensity 617566,1679,4,"50.27248	1770
71.12817	1826
232.97466	2630
233.08159	2243",1,617566,NEG_2,35,"50.271443	1770.0
71.127187	1826.0
232.974104	2630.0
233.081034	2243.0"
7-methoxy-8-(3-methyl-5-oxo-2H-furan-4-yl)chromen-2-one,AZYVCLJYWIHOAD-UHFFFAOYSA-N[M-H2O-H]-,253.05008348461,AZYVCLJYWIHOAD-UHFFFAOYSA-N,C15H12O5,272.06847348,[M-H2O-H]-,MS2,3.718,253.05322,2025UVPD intensity 603955,2025,13,"49.41716	1772
52.27434	1988
54.04927	1898
59.57726	2066
61.38739	1846
96.12516	1897
99.39122	1915
116.21776	1936
119.72653	1902
130.78043	2439
206.57632	2146
208.92305	2100
251.88564	2178",1,603955,NEG_2,36,"49.41612	1772.0
52.273308	1988.0
54.048242	1898.0
59.576247	2066.0
61.386382	1846.0
96.124243	1897.0
99.390312	1915.0
116.216896	1936.0
119.725675	1902.0
130.779604	2439.0
206.575694	2146.0
208.92243	2100.0
251.885133	2178.0"
"3,4-DIMETHOXYDALBERGIONE",LJEJBLOFFDLRIH-GFCCVEGCSA-N[M-H2O-H]-,265.08646899395995,LJEJBLOFFDLRIH-GFCCVEGCSA-N,C17H16O4,284.10485899,[M-H2O-H]-,MS2,3.691,265.09003,2195UVPD intensity 614772,2195,4,"48.79505	1825
58.4108	1907
104.21974	2281
128.08052	2101",1,614772,NEG_2,37,"48.794009	1825.0
58.409784	1907.0
104.218845	2281.0
128.079687	2101.0"
2-Hydroxychalcone,UDOOPSJCRMKSGL-ZHACJKMWSA-N[M+C2H4O2-H]-,283.0975806259,UDOOPSJCRMKSGL-ZHACJKMWSA-N,C15H12O2,224.083729621,[M+C2H4O2-H]-,MS2,5.122,283.09729,2467UVPD intensity 4174566,2467,6,"55.40881	1714
62.20249	1861
62.47992	2181
76.62403	2314
283.09995	3010
283.26364	15078",1,4174566,NEG_2,38,"55.407786	1714.0
62.201484	1861.0
62.478915	2181.0
76.623062	2314.0
283.099526	3010.0
283.263216	15078.0"
"3,4-DIMETHOXYDALBERGIONE",LJEJBLOFFDLRIH-GFCCVEGCSA-N[M-H]-,283.09758252719,LJEJBLOFFDLRIH-GFCCVEGCSA-N,C17H16O4,284.10485899,[M-H]-,MS2,5.122,283.09729,2467UVPD intensity 4174566,2467,6,"55.40881	1714
62.20249	1861
62.47992	2181
76.62403	2314
283.09995	3010
283.26364	15078",1,4174566,NEG_2,39,"55.407786	1714.0
62.201484	1861.0
62.478915	2181.0
76.623062	2314.0
283.099526	3010.0
283.263216	15078.0"
1-O-trans-cinnamoyl-beta-D-glucopyranose,CJGRGYBLAHPYOM-HOLMNUNMSA-N[M-H2O-H]-,291.08686291713,CJGRGYBLAHPYOM-HOLMNUNMSA-N,C15H18O7,310.10525291,[M-H2O-H]-,MS2,2.899,291.08792,2598UVPD intensity 1422808,2598,4,"52.58123	2094
67.60596	1851
85.78394	1835
97.04945	2243",1,1422808,NEG_2,40,"52.580199	2094.0
67.604968	1851.0
85.782996	1835.0
97.048536	2243.0"
"(3R)-4,4-dimethyl-3-[(2S,3R,4S,5S,6R)-3,4,5-trihydroxy-6-(hydroxymethyl)oxan-2-yl]oxyoxolan-2-one",BFCZPWYLRHFBNO-DTJAAUDXSA-N[M-H]-,291.10854113439,BFCZPWYLRHFBNO-DTJAAUDXSA-N,C12H20O8,292.11581759,[M-H]-,MS2,1.476,291.10803,2599UVPD intensity 6113013,2599,11,"47.27135	2175
56.75045	1899
70.86486	1854
101.02377	7041
113.02337	5506
113.25593	2035
115.63085	1951
126.06904	1932
159.02911	5150
161.04393	58427
291.10535	49894",1,6113013,NEG_2,41,"47.270305	2175.0
56.74943	1899.0
70.863877	1854.0
101.022866	7041.0
113.022498	5506.0
113.255058	2035.0
115.629985	1951.0
126.068202	1932.0
159.028359	5150.0
161.043184	58427.0
291.104947	49894.0"
"(2R)-5-methoxy-2-methyl-2,3,8,9-tetrahydrofuro[2,3-h]chromen-4-one",BCRRDBKZXSRMHL-SSDOTTSWSA-N[M+C2H4O2-H]-,293.1030599295,BCRRDBKZXSRMHL-SSDOTTSWSA-N,C13H14O4,234.08920892,[M+C2H4O2-H]-,MS2,2.618,293.10309,2624UVPD intensity 863214,2624,9,"50.85222	1743
52.98758	1750
57.1426	2077
61.13771	1877
65.33443	1937
71.33665	1887
201.50464	2210
257.73224	2466
293.10452	2672",1,863214,NEG_2,42,"50.851184	1743.0
52.98655	1750.0
57.141581	2077.0
61.136701	1877.0
65.333432	1937.0
71.335668	1887.0
201.504001	2210.0
257.731749	2466.0
293.104122	2672.0"
"7-ethenyl-1,4a,7-trimethyl-6-oxo-2,3,4,8,8a,9,10,10a-octahydrophenanthrene-1-carboxylic acid",VNOMXNULTAUIDL-UHFFFAOYSA-N[M-H2O-H]-,297.18545476115,VNOMXNULTAUIDL-UHFFFAOYSA-N,C20H28O3,316.20384475,[M-H2O-H]-,MS2,6.191,297.18564,2711UVPD intensity 6317583,2711,8,"58.99214	2050
75.62647	1698
84.60377	1700
94.99593	1737
123.15419	1758
196.69444	2479
297.18713	8470
297.24213	4808",1,6317583,NEG_2,43,"58.991125	2050.0
75.625499	1698.0
84.602823	1700.0
94.99501	1737.0
123.153344	1758.0
196.693788	2479.0
297.186743	8470.0
297.241743	4808.0"
adrenosterone,RZRPTBIGEANTGU-IRIMSJTPSA-N[M-H]-,299.16526816546,RZRPTBIGEANTGU-IRIMSJTPSA-N,C19H24O3,300.17254462,[M-H]-,MS2,3.934,299.16562,2745UVPD intensity 1330924,2745,12,"51.15804	1872
53.75654	1944
55.01944	1926
93.57278	2264
108.61218	2037
109.6328	1926
122.79111	2273
154.63126	1899
176.15614	1987
212.90852	2042
254.16275	2580
299.16049	5504",1,1330924,NEG_2,44,"51.157005	1872.0
53.755512	1944.0
55.018415	1926.0
93.571857	2264.0
108.611296	2037.0
109.631919	1926.0
122.790263	2273.0
154.630497	1899.0
176.155434	1987.0
212.907911	2042.0
254.162249	2580.0
299.160108	5504.0"
"(2S,3S)-3-hydroxy-4-methoxy-2-[(E)-2-phenylethenyl]-2,3-dihydropyran-6-one",UDDKTZFKFIZQAW-XNHDODSBSA-N[M+C2H4O2-H]-,305.1030599295,UDDKTZFKFIZQAW-XNHDODSBSA-N,C14H14O4,246.08920892,[M+C2H4O2-H]-,MS2,3.616,305.10257,2831UVPD intensity 9414346,2831,11,"54.85027	1835
66.35658	1663
101.13287	2016
113.02337	1980
123.52478	1934
137.11256	2045
171.24855	1949
181.65308	2119
206.62415	1956
305.10269	3112
305.17136	3128",1,9414346,NEG_2,45,"54.849245	1835.0
66.355585	1663.0
101.131966	2016.0
113.022498	1980.0
123.523935	1934.0
137.111751	2045.0
171.247831	1949.0
181.652388	2119.0
206.623524	1956.0
305.102323	3112.0
305.170994	3128.0"
1-O-trans-cinnamoyl-beta-D-glucopyranose,CJGRGYBLAHPYOM-HOLMNUNMSA-N[M-H]-,309.09797645036,CJGRGYBLAHPYOM-HOLMNUNMSA-N,C15H18O7,310.10525291,[M-H]-,MS2,2.899,309.09851,2878UVPD intensity 19152226,2878,12,"49.50829	2015
56.32782	1882
82.94189	2039
85.54475	2295
93.46404	2226
106.37725	1876
147.0448	126685
154.74692	2028
223.55792	2007
280.38879	2211
286.09982	2137
309.09497	60031",1,19152226,NEG_2,46,"49.507251	2015.0
56.326798	1882.0
82.940939	2039.0
85.543805	2295.0
93.463116	2226.0
106.37636	1876.0
147.044017	126685.0
154.746158	2028.0
223.557339	2007.0
280.388358	2211.0
286.099403	2137.0
309.094614	60031.0"
"7-ethenyl-1,4a,7-trimethyl-6-oxo-2,3,4,8,8a,9,10,10a-octahydrophenanthrene-1-carboxylic acid",VNOMXNULTAUIDL-UHFFFAOYSA-N[M-H]-,315.19656829438,VNOMXNULTAUIDL-UHFFFAOYSA-N,C20H28O3,316.20384475,[M-H]-,MS2,5.404,315.19647,3024UVPD intensity 19476246,3024,13,"52.15768	1943
60.11806	2042
73.95451	1825
80.03238	1835
89.89774	2066
90.21336	2260
97.86128	2112
119.70122	1971
136.19502	1908
138.77185	2090
203.14522	2512
271.20499	6823
315.19284	196266",2,19476246,NEG_2,47,"52.156647	1943.0
60.117048	2042.0
73.953535	1825.0
80.031421	1835.0
89.896807	2066.0
90.212428	2260.0
97.860368	2112.0
119.700365	1971.0
136.194209	1908.0
138.771046	2090.0
203.144585	2512.0
271.204534	6823.0
315.1925	196266.0"
"7-ethenyl-1,4a,7-trimethyl-6-oxo-2,3,4,8,8a,9,10,10a-octahydrophenanthrene-1-carboxylic acid",VNOMXNULTAUIDL-UHFFFAOYSA-N[M-H]-,315.19656829438,VNOMXNULTAUIDL-UHFFFAOYSA-N,C20H28O3,316.20384475,[M-H]-,MS2,4.973,315.1965,3025UVPD intensity 1425284096,3025,21,"50.97586	2819
94.04195	9845
95.04962	4255
97.06588	6246
149.09709	12043
161.09879	2469
163.11293	29929
175.1116	18491
177.12651	2631
201.12746	5167
203.14212	75006
215.14388	5840
216.15363	7163
243.17413	8283
247.1342	9733
253.19543	22512
255.175	49315
256.18011	6673
269.19278	16496
271.20499	205421
315.19885	6947734",2,1425284096,NEG_2,48,"50.974824	2819.0
94.041028	9845.0
95.0487	4255.0
97.064966	6246.0
149.096313	12043.0
161.098044	2469.0
163.11219	29929.0
175.110891	18491.0
177.125807	2631.0
201.12682	5167.0
203.141485	75006.0
215.143277	5840.0
216.153029	7163.0
243.1736	8283.0
247.133681	9733.0
253.194927	22512.0
255.174502	49315.0
256.179615	6673.0
269.192319	16496.0
271.204534	205421.0
315.19851	6947734.0"
"4,5-dihydroxy-4,5,6-trimethyl-2,8-dioxa-13-azatricyclo[8.5.1.0¹³,¹?]hexadec-10-ene-3,7-dione",WOPYGCANEAIOEM-UHFFFAOYSA-N[M-H]-,324.14526099637,WOPYGCANEAIOEM-UHFFFAOYSA-N,C16H23NO6,325.15253745,[M-H]-,MS2,1.684,324.1449,3151UVPD intensity 621952,3151,10,"61.51357	2382
62.04794	1925
112.25333	1867
132.33885	1918
139.62166	2064
140.04773	2313
212.75185	2064
231.50421	2406
266.59433	2174
324.14423	17403",1,621952,NEG_2,49,"61.512562	2382.0
62.046934	1925.0
112.252456	1867.0
132.338029	1918.0
139.620858	2064.0
140.046929	2313.0
212.75124	2064.0
231.50365	2406.0
266.593862	2174.0
324.143914	17403.0"
7-methoxy-8-(3-methyl-5-oxo-2H-furan-4-yl)chromen-2-one,AZYVCLJYWIHOAD-UHFFFAOYSA-N[M+C2H4O2-H]-,331.08232448461,AZYVCLJYWIHOAD-UHFFFAOYSA-N,C15H12O5,272.06847348,[M+C2H4O2-H]-,MS2,3.19,331.08521,3281UVPD intensity 1174629,3281,7,"54.63242	1829
58.09434	1939
60.75868	2016
121.68983	2188
129.19576	1986
154.74692	2020
331.08289	8851",1,1174629,NEG_2,50,"54.631394	1829.0
58.093323	1939.0
60.75767	2016.0
121.688981	2188.0
129.19493	1986.0
154.746158	2020.0
331.082592	8851.0"
"(3R)-4,4-dimethyl-3-[(2S,3R,4S,5S,6R)-3,4,5-trihydroxy-6-(hydroxymethyl)oxan-2-yl]oxyoxolan-2-one",BFCZPWYLRHFBNO-DTJAAUDXSA-N[M+C2H4O2-H]-,351.12966860116,BFCZPWYLRHFBNO-DTJAAUDXSA-N,C12H20O8,292.11581759,[M+C2H4O2-H]-,MS2,1.455,351.13004,3633UVPD intensity 67836288,3633,9,"53.826	1823
66.70907	2140
85.88981	2034
95.62527	1973
159.68782	2000
174.21204	2118
229.90536	2036
291.11069	4079
351.1257	63349",1,67836288,NEG_2,51,"53.824972	1823.0
66.708076	2140.0
85.888866	2034.0
95.624352	1973.0
159.687071	2000.0
174.211329	2118.0
229.904795	2036.0
291.110287	4079.0
351.125455	63349.0"
"methyl 2-[4-ethenyl-2,6-dihydroxy-3-(3-hydroxyprop-1-en-2-yl)-4-methylcyclohexyl]prop-2-enoate",ZAUMFTVHLHASMN-UHFFFAOYSA-N[M+C2H4O2-H]-,355.17622487137,ZAUMFTVHLHASMN-UHFFFAOYSA-N,C16H24O5,296.16237386,[M+C2H4O2-H]-,MS2,2.751,355.17596,3698UVPD intensity 10883219,3698,6,"147.51108	2200
154.73039	2089
201.30519	2093
263.12827	2586
285.80911	2116
355.17252	110857",1,10883219,NEG_2,52,"147.510299	2200.0
154.729628	2089.0
201.30455	2093.0
263.127793	2586.0
285.808693	2116.0
355.172285	110857.0"
"4,5-dihydroxy-4,5,6-trimethyl-2,8-dioxa-13-azatricyclo[8.5.1.0¹³,¹?]hexadec-10-ene-3,7-dione",WOPYGCANEAIOEM-UHFFFAOYSA-N[M+C2H4O2-H]-,384.16638846314,WOPYGCANEAIOEM-UHFFFAOYSA-N,C16H23NO6,325.15253745,[M+C2H4O2-H]-,MS2,1.684,384.16537,4247UVPD intensity 1058324,4247,5,"72.37967	2169
87.65386	2053
96.17374	1971
163.07939	2325
323.41867	2007",1,1058324,NEG_2,53,"72.378691	2169.0
87.652921	2053.0
96.172823	1971.0
163.07865	2325.0
323.418352	2007.0"
khelloside,SJRACCTZSAUMGO-WIMVFMHDSA-N[M-H2O-H]-,389.0872568403,SJRACCTZSAUMGO-WIMVFMHDSA-N,C19H20O10,408.10564683,[M-H2O-H]-,MS2,2.899,389.09183,4331UVPD intensity 1786519,4331,8,"75.55874	2065
91.98122	1913
154.74692	3021
212.55875	2089
253.07004	2141
253.3036	2028
311.44778	2245
389.09302	8975",1,1786519,NEG_2,54,"75.557769	2065.0
91.980292	1913.0
154.746158	3021.0
212.55814	2089.0
253.069536	2141.0
253.303097	2028.0
311.44743	2245.0
389.092875	8975.0"
"3-(3,3-dichloro-2-hydroxypropyl)-6,8-dimethoxyisochromen-1-one",MOLWVPJZUNCMGV-UHFFFAOYSA-N[M+C2H4O2-H]-,391.03567991307,MOLWVPJZUNCMGV-UHFFFAOYSA-N,C14H14Cl2O5,332.0218289,[M+C2H4O2-H]-,MS2,3.934,391.03592,4366UVPD intensity 39119784,4366,10,"57.612	2162
101.51391	1882
112.95503	9261
144.62477	2082
154.64571	1812
168.05557	2002
186.57405	2140
219.06569	26615
362.97354	2134
391.03662	344079",1,39119784,NEG_2,55,"57.610982	2162.0
101.513007	1882.0
112.954158	9261.0
144.623981	2082.0
154.644947	1812.0
168.054843	2002.0
186.573371	2140.0
219.065097	26615.0
362.973326	2134.0
391.03648	344079.0"
"2,4-bis(3-methylbut-2-enyl)-6a,11a-dihydro-6H-[1]benzofuro[3,2-c]chromene-3,9-diol",IWTNSIWIBPNECM-UHFFFAOYSA-N[M-H]-,391.19148291395,IWTNSIWIBPNECM-UHFFFAOYSA-N,C25H28O4,392.19875937,[M-H]-,MS2,5.935,391.19116,4375UVPD intensity 385702496,4375,13,"55.52322	1860
86.24383	1838
94.41216	2062
103.8177	2510
121.7879	2641
174.92021	2012
176.55592	1903
203.47513	2038
213.50009	2059
216.25261	1857
231.73506	2246
320.38669	2126
391.2858	6793",1,385702496,NEG_2,56,"55.522196	1860.0
86.242887	1838.0
94.411239	2062.0
103.816803	2510.0
121.787051	2641.0
174.919501	2012.0
176.555215	1903.0
203.474496	2038.0
213.499482	2059.0
216.25201	1857.0
231.7345	2246.0
320.386364	2126.0
391.28566	6793.0"
gerberinside,DXBGTODWNFZHCD-LMXXTMHSSA-N[M+C2H4O2-H]-,397.1140185367,DXBGTODWNFZHCD-LMXXTMHSSA-N,C16H18O8,338.10016753,[M+C2H4O2-H]-,MS2,2.618,397.11453,4472UVPD intensity 27860260,4472,10,"54.04416	1749
54.34011	1683
63.16254	1992
113.4827	2041
129.18315	2164
147.94481	3408
181.02388	1947
226.46033	2044
347.98938	2400
397.15094	4331",1,27860260,NEG_2,57,"54.043132	1749.0
54.339083	1683.0
63.161536	1992.0
113.481829	2041.0
129.18232	2164.0
147.94403	3408.0
181.023187	1947.0
226.459756	2044.0
347.989126	2400.0
397.150816	4331.0"
"6-hydroxy-9,12,13-trimethyl-14-(2-methylpropyl)-2H,5H,6H,7H,8H,13H,13aH,14H,15H,16H,16bH-oxacyclododeca[3,2-e]isoindole-2,16-dione",NDJDZINMNBVVHS-QWPOMPHKSA-N[M-H]-,400.24933214399,NDJDZINMNBVVHS-QWPOMPHKSA-N,C24H35NO4,401.2566086,[M-H]-,MS2,5.302,400.24896,4525UVPD intensity 1102761,4525,9,"69.72785	1908
72.02072	2024
73.99276	1857
73.99754	2009
84.57036	1876
92.05515	1951
144.82103	2011
154.74692	3808
400.25345	2490",1,1102761,NEG_2,58,"69.726864	1908.0
72.01974	2024.0
73.991785	1857.0
73.996565	2009.0
84.569413	1876.0
92.054223	1951.0
144.820241	2011.0
154.746158	3808.0
400.253334	2490.0"
khelloside,SJRACCTZSAUMGO-WIMVFMHDSA-N[M-H]-,407.09837037353,SJRACCTZSAUMGO-WIMVFMHDSA-N,C19H20O10,408.10564683,[M-H]-,MS2,2.645,407.09827,4620UVPD intensity 15353452,4620,9,"60.74495	2431
68.13722	1826
89.17104	2299
89.72869	1939
117.04806	2038
127.26896	1892
149.13228	1782
161.04611	2204
407.09711	5002",1,15353452,NEG_2,59,"60.74394	2431.0
68.13623	1826.0
89.170105	2299.0
89.727756	1939.0
117.047198	2038.0
127.268125	1892.0
149.131503	1782.0
161.045364	2204.0
407.097012	5002.0"
"1-Hydroxy-3,6,7-Trimethoxy-2,8-Diprenylxanthone",FCIKYGUVHWZSJV-UHFFFAOYSA-N[M-H2O-H]-,419.18584868432,FCIKYGUVHWZSJV-UHFFFAOYSA-N,C26H30O6,438.20423867,[M-H2O-H]-,MS2,6.646,419.18613,4814UVPD intensity 1150592,4814,6,"60.82025	1913
78.03514	2047
139.75815	1953
184.55502	1817
270.66397	1933
284.01242	1965",1,1150592,NEG_2,60,"60.81924	1913.0
78.034176	2047.0
139.757348	1953.0
184.554336	1817.0
270.663513	1933.0
284.011998	1965.0"
Methyl Robustone,OKBNMQXBQLZQEM-UHFFFAOYSA-N[M+C2H4O2-H]-,437.12418929756,OKBNMQXBQLZQEM-UHFFFAOYSA-N,C22H18O6,378.11033829,[M+C2H4O2-H]-,MS2,4.45,437.12296,5094UVPD intensity 871603,5094,5,"84.27722	1921
97.81245	2147
118.34483	2222
118.91494	1930
165.73166	2233",1,871603,NEG_2,61,"84.276272	1921.0
97.811538	2147.0
118.343972	2222.0
118.914083	1930.0
165.730927	2233.0"
"1-Hydroxy-3,6,7-Trimethoxy-2,8-Diprenylxanthone",FCIKYGUVHWZSJV-UHFFFAOYSA-N[M-H]-,437.19696221755,FCIKYGUVHWZSJV-UHFFFAOYSA-N,C26H30O6,438.20423867,[M-H]-,MS2,7.769,437.19656,5100UVPD intensity 5719708,5100,4,"76.39627	2139
91.15156	2021
91.92253	1946
320.58994	2756",3,5719708,NEG_2,62,"76.395301	2139.0
91.15063	2021.0
91.921602	1946.0
320.589614	2756.0"
"1-Hydroxy-3,6,7-Trimethoxy-2,8-Diprenylxanthone",FCIKYGUVHWZSJV-UHFFFAOYSA-N[M-H]-,437.19696221755,FCIKYGUVHWZSJV-UHFFFAOYSA-N,C26H30O6,438.20423867,[M-H]-,MS2,5.282,437.19656,5101UVPD intensity 2264910,5101,15,"55.11156	1697
55.85248	1801
57.35419	1972
58.072	1683
62.22251	2095
101.36255	1627
146.50644	1993
154.73039	2760
168.414	2168
168.65829	1803
174.63741	2036
183.59515	1926
236.83588	2145
278.47815	2138
381.87799	2042",3,2264910,NEG_2,63,"55.110535	1697.0
55.851457	1801.0
57.353171	1972.0
58.070983	1683.0
62.221504	2095.0
101.361647	1627.0
146.505656	1993.0
154.729628	2760.0
168.413274	2168.0
168.657564	1803.0
174.6367	2036.0
183.594464	1926.0
236.835334	2145.0
278.477713	2138.0
381.877826	2042.0"
"1-Hydroxy-3,6,7-Trimethoxy-2,8-Diprenylxanthone",FCIKYGUVHWZSJV-UHFFFAOYSA-N[M-H]-,437.19696221755,FCIKYGUVHWZSJV-UHFFFAOYSA-N,C26H30O6,438.20423867,[M-H]-,MS2,7.286,437.19656,5102UVPD intensity 745912,5102,7,"56.56137	1988
78.51692	2016
90.62411	2154
95.36079	1714
154.73245	2951
216.81705	2285
291.00937	2108",3,745912,NEG_2,64,"56.560349	1988.0
78.515957	2016.0
90.623179	2154.0
95.359871	1714.0
154.731688	2951.0
216.816451	2285.0
291.008966	2108.0"
"(1R,2R,4S,7R,8S,12R)-7-(furan-3-yl)-1,8,12,17,17-pentamethyl-3,6,16-trioxapentacyclo[9.9.02,4.02,8.012,18]icos-13-ene-5,15,20-trione",MAYJEFRPIKEYBL-DKBZVKCESA-N[M-H]-,453.19187683712,MAYJEFRPIKEYBL-DKBZVKCESA-N,C26H30O7,454.19915329,[M-H]-,MS2,5.458,453.19141,5335UVPD intensity 1702375,5335,7,"57.68625	1816
70.93087	1888
74.65521	1995
78.09956	1982
88.02684	1990
142.18024	1821
302.04767	1967",1,1702375,NEG_2,65,"57.685232	1816.0
70.929887	1888.0
74.654237	1995.0
78.098596	1982.0
88.025902	1990.0
142.179444	1821.0
302.047295	1967.0"
khelloside,SJRACCTZSAUMGO-WIMVFMHDSA-N[M+C2H4O2-H]-,467.1194978403,SJRACCTZSAUMGO-WIMVFMHDSA-N,C19H20O10,408.10564683,[M+C2H4O2-H]-,MS2,2.645,467.11972,5517UVPD intensity 44829712,5517,39,"59.01306	7032
71.01303	14617
87.00813	7659
89.02386	44099
101.02377	13497
107.03401	5699
113.02337	24296
117.01815	3136
119.03336	25034
125.02396	2797
129.01779	8192
131.03448	13398
141.01891	2898
143.03404	45887
149.04434	8635
154.74899	2250
159.02911	16309
160.0372	9192
161.04393	79402
177.0405	46651
178.04623	6975
179.05544	253995
189.01639	2586
201.01726	2815
214.02687	6643
220.05763	8304
222.07251	2843
229.0135	23262
230.02142	71483
237.05908	2728
239.07817	5193
243.02763	2662
245.04536	7025
272.03162	4026
363.07007	3353
392.07642	28270
407.09711	10865
452.0918	11864
467.121	124992",1,44829712,NEG_2,66,"59.012046	7032.0
71.012047	14617.0
87.007189	7659.0
89.022925	44099.0
101.022866	13497.0
107.033122	5699.0
113.022498	24296.0
117.017288	3136.0
119.032504	25034.0
125.023119	2797.0
129.01696	8192.0
131.033655	13398.0
141.018111	2898.0
143.033247	45887.0
149.043563	8635.0
154.748228	2250.0
159.028359	16309.0
160.036452	9192.0
161.043184	79402.0
177.039796	46651.0
178.045529	6975.0
179.054742	253995.0
189.015718	2586.0
201.016619	2815.0
214.026264	6643.0
220.05704	8304.0
222.071925	2843.0
229.012933	23262.0
230.020856	71483.0
237.058534	2728.0
239.07763	5193.0
243.0271	2662.0
245.044835	7025.0
272.031166	4026.0
363.069856	3353.0
392.076282	28270.0
407.097012	10865.0
452.09182	11864.0
467.12106	124992.0"
calycosin-7-O-beta-D-glucoside,MGJLSBDCWOSMHL-MIUGBVLSSA-N[M+C2H4O2-H]-,489.14023328519,MGJLSBDCWOSMHL-MIUGBVLSSA-N,C22H22O9,430.12638228,[M+C2H4O2-H]-,MS2,3.264,489.13968,5797UVPD intensity 1214594,5797,5,"82.14084	2123
158.01773	2092
159.85477	1833
211.0135	2380
285.66391	2189",1,1214594,NEG_2,67,"82.139886	2123.0
158.016976	2092.0
159.854021	1833.0
211.012886	2380.0
285.663492	2189.0"
"6-methoxy-7-[3,4,5-trihydroxy-6-[(3,4,5-trihydroxy-6-methyloxan-2-yl)oxymethyl]oxan-2-yl]oxychromen-2-one",FCIZPHNZRNLUJD-UHFFFAOYSA-N[M-H]-,499.14571449008,FCIZPHNZRNLUJD-UHFFFAOYSA-N,C22H28O13,500.15299094,[M-H]-,MS2,2.21,499.14612,5911UVPD intensity 7108070,5911,9,"81.55812	2024
83.37337	2272
103.85291	1999
105.65302	1668
124.80663	1828
191.03273	20882
247.75685	2379
392.73569	1941
499.14694	12930",1,7108070,NEG_2,68,"81.557165	2024.0
83.37242	2272.0
103.852014	1999.0
105.652128	1668.0
124.805789	1828.0
191.032063	20882.0
247.756332	2379.0
392.735554	1941.0
499.147084	12930.0"
cirsimarin,RETJLKUBHXTIGH-FZFRBNDOSA-N[M+C2H4O2-H]-,535.14571258879,RETJLKUBHXTIGH-FZFRBNDOSA-N,C23H24O11,476.13186158,[M+C2H4O2-H]-,MS2,3.363,535.14539,6327UVPD intensity 5357716,6327,10,"79.27377	2239
89.83189	1778
94.52058	1824
107.77851	1814
117.44058	1976
122.49075	2061
199.95972	1950
313.07095	6870
489.97284	2127
511.64856	2071",2,5357716,NEG_2,69,"79.272809	2239.0
89.830957	1778.0
94.519659	1824.0
107.777624	1814.0
117.439719	1976.0
122.489903	2061.0
199.959077	1950.0
313.070604	6870.0
489.97296	2127.0
511.648737	2071.0"
cirsimarin,RETJLKUBHXTIGH-FZFRBNDOSA-N[M+C2H4O2-H]-,535.14571258879,RETJLKUBHXTIGH-FZFRBNDOSA-N,C23H24O11,476.13186158,[M+C2H4O2-H]-,MS2,5.559,535.14539,6328UVPD intensity 576880,6328,9,"92.43942	1818
120.9196	1684
128.84804	1824
130.16443	2316
136.71182	2120
199.53842	2243
217.12584	1873
281.21725	1927
371.51819	2075",2,576880,NEG_2,70,"92.438494	1818.0
120.918749	1684.0
128.847209	1824.0
130.163603	2316.0
136.71101	2120.0
199.537776	2243.0
217.125242	1873.0
281.216821	1927.0
371.517998	2075.0"
ETOPOSIDE,VJJPUSNTGOMMGY-MRVIYFEKSA-N[M-H]-,587.1770146189999,VJJPUSNTGOMMGY-MRVIYFEKSA-N,C29H32O13,588.18429107,[M-H]-,MS2,3.488,587.17596,6816UVPD intensity 47084788,6816,12,"63.45078	1919
64.41389	1820
79.96017	1829
113.02337	4060
187.05927	25947
188.86862	2072
205.07051	11105
251.49124	1986
262.64322	1903
521.91443	2236
542.0379	2268
587.17529	46267",1,47084788,NEG_2,71,"63.449777	1919.0
64.41289	1820.0
79.959211	1829.0
113.022498	4060.0
187.058593	25947.0
188.867947	2072.0
205.06988	11105.0
251.490732	1986.0
262.642742	1903.0
521.914634	2236.0
542.038157	2268.0
587.175666	46267.0"
"7-[(2S,3R,4R,5R,6S)-3,4,5-trihydroxy-6-methyloxan-2-yl]oxy-3-[4-[(2S,3R,4R,5R,6S)-3,4,5-trihydroxy-6-methyloxan-2-yl]oxyphenyl]chromen-4-one",RIXHOIPNPVCEHZ-WIYOTWCASA-N[M+C2H4O2-H]-,605.1875774017401,RIXHOIPNPVCEHZ-WIYOTWCASA-N,C27H30O12,546.17372639,[M+C2H4O2-H]-,MS2,2.723,605.18768,6969UVPD intensity 2973486,6969,5,"84.85161	2177
154.74692	3109
377.96652	2284
381.62973	2266
399.10394	8593",1,2973486,NEG_2,72,"84.850664	2177.0
154.746158	3109.0
377.966345	2284.0
381.629565	2266.0
399.103821	8593.0"
Xanthyletin,QOTBQNVNUBKJMS-UHFFFAOYSA-N[M-H]-,227.0713677787,QOTBQNVNUBKJMS-UHFFFAOYSA-N,C14H12O3,228.078644241,[M-H]-,MS2,4.568,227.07123,1600UVPD intensity 3526430,1600,10,"56.9317	2109
63.39923	2174
71.27132	2080
85.96074	1747
108.22914	1927
120.71993	2179
211.03644	2278
227.06879	32818
227.16432	2193
227.2011	3092",2,3526430,NEG_3,73,"56.931625	2109.0
63.399157	2174.0
71.27125	2080.0
85.960675	1747.0
108.229083	1927.0
120.719878	2179.0
211.03642	2278.0
227.068776	32818.0
227.164306	2193.0
227.201086	3092.0"
Xanthyletin,QOTBQNVNUBKJMS-UHFFFAOYSA-N[M-H]-,227.0713677787,QOTBQNVNUBKJMS-UHFFFAOYSA-N,C14H12O3,228.078644241,[M-H]-,MS2,3.628,227.07184,1601UVPD intensity 2096742,1601,6,"48.15551	1929
55.0729	2101
161.88306	1902
166.99399	3070
227.06879	5785
227.2011	2655",2,2096742,NEG_3,74,"48.155432	1929.0
55.072824	2101.0
161.883023	1902.0
166.993955	3070.0
227.068776	5785.0
227.201086	2655.0"
columbianetin,YRAQEMCYCSSHJG-UHFFFAOYSA-N[M-H2O-H]-,227.0708189295,YRAQEMCYCSSHJG-UHFFFAOYSA-N,C14H14O4,246.08920892,[M-H2O-H]-,MS2,4.568,227.07123,1600UVPD intensity 3526430,1600,10,"56.9317	2109
63.39923	2174
71.27132	2080
85.96074	1747
108.22914	1927
120.71993	2179
211.03644	2278
227.06879	32818
227.16432	2193
227.2011	3092",2,3526430,NEG_3,75,"56.931625	2109.0
63.399157	2174.0
71.27125	2080.0
85.960675	1747.0
108.229083	1927.0
120.719878	2179.0
211.03642	2278.0
227.068776	32818.0
227.164306	2193.0
227.201086	3092.0"
columbianetin,YRAQEMCYCSSHJG-UHFFFAOYSA-N[M-H2O-H]-,227.0708189295,YRAQEMCYCSSHJG-UHFFFAOYSA-N,C14H14O4,246.08920892,[M-H2O-H]-,MS2,3.628,227.07184,1601UVPD intensity 2096742,1601,6,"48.15551	1929
55.0729	2101
161.88306	1902
166.99399	3070
227.06879	5785
227.2011	2655",2,2096742,NEG_3,76,"48.155432	1929.0
55.072824	2101.0
161.883023	1902.0
166.993955	3070.0
227.068776	5785.0
227.201086	2655.0"
"(4R,4aS,8aS)-4-hydroxy-4-(hydroxymethyl)-3,4a,8,8-tetramethyl-5,6,7,8a-tetrahydronaphthalen-1-one",CKASNEFFHUIZEG-AEGPPILISA-N[M-H2O-H]-,233.15415463223,CKASNEFFHUIZEG-AEGPPILISA-N,C15H24O3,252.17254462,[M-H2O-H]-,MS2,5.682,233.15402,1684UVPD intensity 1367259,1684,8,"43.81226	1786
57.16159	1811
68.7475	2021
85.4115	1980
113.47875	1960
140.19189	2070
181.84764	2367
233.15408	13075",1,1367259,NEG_3,77,"43.81218	1786.0
57.161515	1811.0
68.747429	2021.0
85.411435	1980.0
113.478695	1960.0
140.191845	2070.0
181.84761	2367.0
233.154068	13075.0"
"5,6,7-Trimethoxycoumarin",FOBNRKTURPWTQX-UHFFFAOYSA-N[M-H]-,235.06119701784,FOBNRKTURPWTQX-UHFFFAOYSA-N,C12H12O5,236.06847348,[M-H]-,MS2,2.431,235.06044,1704UVPD intensity 363588,1704,8,"50.48859	1734
52.47004	1899
74.057	2004
86.28163	1875
94.37962	1748
180.75737	1744
215.15733	1973
217.88683	2220",1,363588,NEG_3,78,"50.488513	1734.0
52.469963	1899.0
74.056931	2004.0
86.281566	1875.0
94.379558	1748.0
180.75734	1744.0
215.157312	1973.0
217.886813	2220.0"
CYTIDINE,UHDGCWIWMRVCDJ-XVFCMESISA-N[M-H]-,242.07824406336,UHDGCWIWMRVCDJ-XVFCMESISA-N,C9H13N3O5,243.08552052,[M-H]-,MS2,0.394,242.07799,1843UVPD intensity 8090608,1843,13,"48.23741	1972
49.59814	1839
71.14295	1953
75.94304	1866
79.40347	1844
81.78391	1796
86.7308	1808
90.7613	2307
106.50452	1959
142.87617	1824
156.90399	1820
193.32935	2423
203.14513	2040",1,8090608,NEG_3,79,"48.237332	1972.0
49.598062	1839.0
71.14288	1953.0
75.942972	1866.0
79.403403	1844.0
81.783844	1796.0
86.730736	1808.0
90.761237	2307.0
106.504463	1959.0
142.876126	1824.0
156.903951	1820.0
193.329324	2423.0
203.145108	2040.0"
columbianetin,YRAQEMCYCSSHJG-UHFFFAOYSA-N[M-H]-,245.08193246273,YRAQEMCYCSSHJG-UHFFFAOYSA-N,C14H14O4,246.08920892,[M-H]-,MS2,3.275,245.08173,1894UVPD intensity 16740253,1894,7,"47.29297	1962
48.18351	1628
49.97908	1946
52.55011	2075
73.18355	1946
171.20758	1804
245.08232	58210",2,16740253,NEG_3,80,"47.292892	1962.0
48.183432	1628.0
49.979003	1946.0
52.550033	2075.0
73.183481	1946.0
171.207546	1804.0
245.082313	58210.0"
columbianetin,YRAQEMCYCSSHJG-UHFFFAOYSA-N[M-H]-,245.08193246273,YRAQEMCYCSSHJG-UHFFFAOYSA-N,C14H14O4,246.08920892,[M-H]-,MS2,4.674,245.08173,1895UVPD intensity 927855,1895,5,"48.65408	1969
51.44085	1898
63.38785	1809
141.73166	2054
242.70651	1876",2,927855,NEG_3,81,"48.654002	1969.0
51.440773	1898.0
63.387777	1809.0
141.731615	2054.0
242.706502	1876.0"
"(4R,4aS,8aS)-4-hydroxy-4-(hydroxymethyl)-3,4a,8,8-tetramethyl-5,6,7,8a-tetrahydronaphthalen-1-one",CKASNEFFHUIZEG-AEGPPILISA-N[M-H]-,251.16526816546,CKASNEFFHUIZEG-AEGPPILISA-N,C15H24O3,252.17254462,[M-H]-,MS2,4.13,251.1653,1992UVPD intensity 37449628,1992,19,"47.51125	2072
49.17709	1741
51.76279	1942
81.5233	1834
126.92892	1996
156.45131	2020
173.13326	2737
190.10063	11408
191.14323	4586
193.12173	6031
204.11533	2445
205.12086	2403
206.00366	2334
206.13069	4339
207.13838	2059
219.1387	28125
221.15506	1003720
235.13501	4363
251.16603	128789",1,37449628,NEG_3,82,"47.511172	2072.0
49.177012	1741.0
51.762713	1942.0
81.523234	1834.0
126.92887	1996.0
156.451271	2020.0
173.133227	2737.0
190.100603	11408.0
191.143203	4586.0
193.121704	6031.0
204.115308	2445.0
205.120838	2403.0
206.003639	2334.0
206.130669	4339.0
207.138359	2059.0
219.138683	28125.0
221.155044	1003720.0
235.134999	4363.0
251.166025	128789.0"
"Epiafzelechin (2R,3R)(-)",RSYUFYQTACJFML-UKRRQHHQSA-N[M-H2O-H]-,255.06573354907,RSYUFYQTACJFML-UKRRQHHQSA-N,C15H14O5,274.08412354,[M-H2O-H]-,MS2,4.519,255.06598,2052UVPD intensity 3962670,2052,5,"119.30425	1964
217.33197	1966
240.82185	1864
255.06551	38315
255.23178	22896",1,3962670,NEG_3,83,"119.304197	1964.0
217.331953	1966.0
240.821841	1864.0
255.065506	38315.0
255.231776	22896.0"
"Epiafzelechin (2R,3R)(-)",RSYUFYQTACJFML-UKRRQHHQSA-N[M-H]-,273.0768470823,RSYUFYQTACJFML-UKRRQHHQSA-N,C15H14O5,274.08412354,[M-H]-,MS2,3.526,273.07605,2306UVPD intensity 882054,2306,5,"56.2566	2343
63.38731	2311
71.3185	1823
106.17606	1964
108.27388	2322",2,882054,NEG_3,84,"56.256525	2343.0
63.387237	2311.0
71.31843	1823.0
106.176003	1964.0
108.273823	2322.0"
"Epiafzelechin (2R,3R)(-)",RSYUFYQTACJFML-UKRRQHHQSA-N[M-H]-,273.0768470823,RSYUFYQTACJFML-UKRRQHHQSA-N,C15H14O5,274.08412354,[M-H]-,MS2,2.562,273.07703,2309UVPD intensity 94224240,2309,22,"83.01327	3987
93.0338	2842
97.02888	32981
123.04417	4236
125.0239	4291
133.02792	2861
134.03679	3475
135.04369	7968
137.0229	87909
138.03062	6751
139.03893	7401
165.01923	16033
166.02747	4485
179.0322	2830
186.06883	2996
187.07567	4681
189.05536	8157
205.08618	4121
229.08411	4998
255.06551	2725
272.07001	44032
273.07492	1451797",2,94224240,NEG_3,85,"83.013204	3987.0
93.033738	2842.0
97.028819	32981.0
123.044119	4236.0
125.023849	4291.0
133.027872	2861.0
134.036743	3475.0
135.043643	7968.0
137.022854	87909.0
138.030574	6751.0
139.038885	7401.0
165.019194	16033.0
166.027434	4485.0
179.032169	2830.0
186.068801	2996.0
187.075642	4681.0
189.055332	8157.0
205.086158	4121.0
229.084097	4998.0
255.065506	2725.0
272.070012	44032.0
273.074923	1451797.0"
Xanthyletin,QOTBQNVNUBKJMS-UHFFFAOYSA-N[M+C2H4O2-H]-,287.09249524547,QOTBQNVNUBKJMS-UHFFFAOYSA-N,C14H12O3,228.078644241,[M+C2H4O2-H]-,MS2,5.604,287.09262,2531UVPD intensity 960395,2531,11,"48.8386	2065
55.52053	2891
79.87424	1980
83.61988	1757
97.00426	2081
105.55511	1957
107.2137	1905
116.65203	2213
147.08302	1960
158.13074	1963
287.08939	2687",1,960395,NEG_3,86,"48.838522	2065.0
55.520455	2891.0
79.874173	1980.0
83.619815	1757.0
97.004199	2081.0
105.555052	1957.0
107.213643	1905.0
116.651976	2213.0
147.082977	1960.0
158.130701	1963.0
287.089398	2687.0"
"(1S,4S,5R,9R,13S)-5,9-dimethyl-14-methylidenetetracyclo[11.2.1.0¹,¹?.0?,?]hexadec-10-ene-5-carboxylic acid",RJIPNPHMQGDUBW-LGEIONFXSA-N[M-H]-,299.20165367481,RJIPNPHMQGDUBW-LGEIONFXSA-N,C20H28O2,300.208930132,[M-H]-,MS2,6.132,299.20123,2746UVPD intensity 624231,2746,8,"47.96343	1815
49.18524	1873
63.21051	2015
82.5741	2043
91.81189	1883
249.24129	2137
299.19925	5484
299.26038	4477",2,624231,NEG_3,87,"47.963352	1815.0
49.185162	1873.0
63.210437	2015.0
82.574034	2043.0
91.811828	1883.0
249.241284	2137.0
299.199262	5484.0
299.260392	4477.0"
"(1S,4S,5R,9R,13S)-5,9-dimethyl-14-methylidenetetracyclo[11.2.1.0¹,¹?.0?,?]hexadec-10-ene-5-carboxylic acid",RJIPNPHMQGDUBW-LGEIONFXSA-N[M-H]-,299.20165367481,RJIPNPHMQGDUBW-LGEIONFXSA-N,C20H28O2,300.208930132,[M-H]-,MS2,6.565,299.2016,2749UVPD intensity 29880744,2749,6,"48.28276	1957
80.1886	1848
105.0285	2228
135.24608	1791
288.28378	1930
299.19925	19609",2,29880744,NEG_3,88,"48.282682	1957.0
80.188533	1848.0
105.028442	2228.0
135.246033	1791.0
288.283788	1930.0
299.199262	19609.0"
"6,7-bis(hydroxymethyl)-4,9a-dimethyl-2,7,8,9-tetrahydro-1H-benzo[7]annulen-3-one",DPBOXKYWJVXMAW-UHFFFAOYSA-N[M+C2H4O2-H]-,309.17074556777,DPBOXKYWJVXMAW-UHFFFAOYSA-N,C15H22O3,250.15689456,[M+C2H4O2-H]-,MS2,3.044,309.17056,2886UVPD intensity 5762941,2886,15,"49.08282	1634
52.63404	2042
59.01401	2085
76.16663	1910
95.20895	2257
119.11421	1910
125.2027	1971
159.18417	1906
187.62352	2084
218.12874	4409
219.1387	10093
231.13773	25530
249.14838	2537
298.85504	2384
309.17068	190765",1,5762941,NEG_3,89,"49.082742	1634.0
52.633963	2042.0
59.013936	2085.0
76.166562	1910.0
95.208889	2257.0
119.114157	1910.0
125.20265	1971.0
159.184132	1906.0
187.623492	2084.0
218.128723	4409.0
219.138683	10093.0
231.137718	25530.0
249.148374	2537.0
298.855052	2384.0
309.170696	190765.0"
"(4R,4aS,8aS)-4-hydroxy-4-(hydroxymethyl)-3,4a,8,8-tetramethyl-5,6,7,8a-tetrahydronaphthalen-1-one",CKASNEFFHUIZEG-AEGPPILISA-N[M+C2H4O2-H]-,311.18639563223,CKASNEFFHUIZEG-AEGPPILISA-N,C15H24O3,252.17254462,[M+C2H4O2-H]-,MS2,4.13,311.18637,2925UVPD intensity 46633296,2925,23,"59.01109	3288
59.01449	10968
97.02888	16084
99.04422	18345
109.02892	15693
127.03954	9267
165.12625	31458
177.12895	3945
190.09782	58925
191.14323	14640
193.12173	5469
193.15919	4104
204.11533	4510
205.12086	16384
206.13069	57670
219.1387	26343
220.14517	220617
221.15506	1549253
223.17075	6412
233.15408	14961
235.13501	3239
251.16603	770675
311.18817	1119305",1,46633296,NEG_3,90,"59.011016	3288.0
59.014416	10968.0
97.028819	16084.0
99.04416	18345.0
109.028864	15693.0
127.03949	9267.0
165.126214	31458.0
177.128918	3945.0
190.097793	58925.0
191.143203	14640.0
193.121704	5469.0
193.159164	4104.0
204.115308	4510.0
205.120838	16384.0
206.130669	57670.0
219.138683	26343.0
220.145154	220617.0
221.155044	1549253.0
223.170735	6412.0
233.154068	14961.0
235.134999	3239.0
251.166025	770675.0
311.188186	1119305.0"
"5-{8(Z),11(Z)-pentadecadienyl}resorcinol",UFMJCOLGRWKUKO-UTOQUPLUSA-N[M-H]-,315.23295380373,UFMJCOLGRWKUKO-UTOQUPLUSA-N,C21H32O2,316.240230259,[M-H]-,MS2,6.777,315.23322,3026UVPD intensity 528355936,3026,8,"57.9226	2310
63.4323	1620
66.29798	2342
80.39793	1880
83.76455	1942
91.38366	2060
315.19269	4580
315.23477	6331",1,528355936,NEG_3,91,"57.922525	2310.0
63.432227	1620.0
66.297908	2342.0
80.397863	1880.0
83.764485	1942.0
91.383597	2060.0
315.192708	4580.0
315.234788	6331.0"
DUARTIN (-),QVVPJFBYFYYVDM-LLVKDONJSA-N[M-H]-,331.11871189525,QVVPJFBYFYYVDM-LLVKDONJSA-N,C18H20O6,332.12598835,[M-H]-,MS2,4.026,331.11896,3283UVPD intensity 150093920,3283,9,"55.12779	1856
55.73701	1969
59.65235	2179
64.38113	1780
75.66034	2114
78.42361	2359
125.17111	2196
127.62262	2237
331.25098	84260",1,150093920,NEG_3,92,"55.127714	1856.0
55.736935	1969.0
59.652276	2179.0
64.381058	1780.0
75.660272	2114.0
78.423543	2359.0
125.17106	2196.0
127.62257	2237.0
331.251004	84260.0"
"Epiafzelechin (2R,3R)(-)",RSYUFYQTACJFML-UKRRQHHQSA-N[M+C2H4O2-H]-,333.09797454907,RSYUFYQTACJFML-UKRRQHHQSA-N,C15H14O5,274.08412354,[M+C2H4O2-H]-,MS2,2.38,333.09753,3314UVPD intensity 729899,3314,5,"126.78014	2224
154.74478	2711
187.89697	1960
187.99103	2066
333.09683	10467",1,729899,NEG_3,93,"126.78009	2224.0
154.74474	2711.0
187.896942	1960.0
187.991002	2066.0
333.096854	10467.0"
4-acetyloxy-8-(3-oxo-2-pent-2-enylcyclopenten-1-yl)octanoic acid,QWDCJWDUPSTHHK-UHFFFAOYSA-N[M-H]-,349.20204759798,QWDCJWDUPSTHHK-UHFFFAOYSA-N,C20H30O5,350.20932405,[M-H]-,MS2,4.209,349.20227,3606UVPD intensity 7409958,3606,7,"58.0848	2220
59.01352	4119
78.56396	2193
79.92867	1873
103.81083	2098
289.1792	7501
349.19803	52427",1,7409958,NEG_3,94,"58.084725	2220.0
59.013446	4119.0
78.563893	2193.0
79.928603	1873.0
103.810772	2098.0
289.179208	7501.0
349.19806	52427.0"
"(3,4,5-trihydroxy-6-methyloxan-2-yl) 2-(methylamino)benzoate",XLGJBANZFAQPOK-UHFFFAOYSA-N[M+C2H4O2-H]-,356.13508833422003,XLGJBANZFAQPOK-UHFFFAOYSA-N,C14H19NO6,297.12123733,[M+C2H4O2-H]-,MS2,3.628,356.13586,3713UVPD intensity 9835521,3713,11,"59.41858	1877
74.18992	2092
140.40599	2262
150.05542	82677
155.47273	2155
165.37027	2153
170.5218	2123
234.79088	2004
299.14368	2293
354.66269	2121
356.13724	7973",1,9835521,NEG_3,95,"59.418506	1877.0
74.189851	2092.0
140.405945	2262.0
150.055378	82677.0
155.47269	2155.0
165.370234	2153.0
170.521766	2123.0
234.790869	2004.0
299.143692	2293.0
354.662722	2121.0
356.137272	7973.0"
arctigenin,NQWVSMVXKMHKTF-JKSUJKDBSA-N[M-H]-,371.15001202417,NQWVSMVXKMHKTF-JKSUJKDBSA-N,C21H24O6,372.15728848,[M-H]-,MS2,4.102,371.15076,4009UVPD intensity 173264448,4009,6,"53.38231	2546
59.14027	2491
69.81792	2672
128.0898	3583
165.98154	2723
371.14926	35508",1,173264448,NEG_3,96,"53.382234	2546.0
59.140196	2491.0
69.81785	2672.0
128.089751	3583.0
165.981504	2723.0
371.149298	35508.0"
Dehydrodihydrorotenone,BHCBWJBSVOKHRJ-UHFFFAOYSA-N[M-H]-,393.13436195971,BHCBWJBSVOKHRJ-UHFFFAOYSA-N,C23H22O6,394.14163842,[M-H]-,MS2,5.955,393.13358,4404UVPD intensity 1431424,4404,8,"53.08334	1801
55.74059	1855
67.61309	1916
125.8186	1870
143.67709	1840
154.74686	2959
265.82947	2043
364.06717	1990",2,1431424,NEG_3,97,"53.083264	1801.0
55.740515	1855.0
67.613019	1916.0
125.81855	1870.0
143.677046	1840.0
154.74682	2959.0
265.82947	2043.0
364.067205	1990.0"
Dehydrodihydrorotenone,BHCBWJBSVOKHRJ-UHFFFAOYSA-N[M-H]-,393.13436195971,BHCBWJBSVOKHRJ-UHFFFAOYSA-N,C23H22O6,394.14163842,[M-H]-,MS2,6.723,393.13428,4405UVPD intensity 611622,4405,8,"62.75599	1930
90.217	1803
103.43711	2216
113.52679	2267
154.73032	2028
270.2341	2100
270.83124	1993
382.91342	2032",2,611622,NEG_3,98,"62.755917	1930.0
90.216937	1803.0
103.437052	2216.0
113.526735	2267.0
154.73028	2028.0
270.234102	2100.0
270.831242	1993.0
382.913462	2032.0"
monoolein,RZRNAYUHWVFMIP-KTKRTIGZSA-N[M+C2H4O2-H]-,415.30651076748,RZRNAYUHWVFMIP-KTKRTIGZSA-N,C21H40O4,356.29265975,[M+C2H4O2-H]-,MS2,7.246,415.30624,4752UVPD intensity 53230176,4752,7,"66.2499	2075
85.39032	1635
160.18938	2002
163.66219	2102
190.4839	2111
242.49556	1929
415.30539	75878",1,53230176,NEG_3,99,"66.249828	2075.0
85.390255	1635.0
160.189342	2002.0
163.662153	2102.0
190.483873	2111.0
242.495552	1929.0
415.305444	75878.0"
"9-[[3-methyl-3-[(4-methyl-5-oxo-2H-furan-2-yl)methyl]oxiran-2-yl]methoxy]furo[3,2-g]chromen-7-one",CISFAPDYRQPRCZ-UHFFFAOYSA-N[M+C2H4O2-H]-,441.11910391713,CISFAPDYRQPRCZ-UHFFFAOYSA-N,C21H18O7,382.10525291,[M+C2H4O2-H]-,MS2,3.323,441.11877,5148UVPD intensity 2117510,5148,12,"68.63321	2121
83.64287	1771
87.76228	1902
108.43614	1806
154.74686	2693
163.67792	1840
170.30447	2476
173.60625	2001
184.39891	1954
264.11615	2099
365.17337	2374
440.78098	2088",2,2117510,NEG_3,100,"68.633139	2121.0
83.642805	1771.0
87.762216	1902.0
108.436084	1806.0
154.74682	2693.0
163.677883	1840.0
170.304436	2476.0
173.606217	2001.0
184.398881	1954.0
264.116149	2099.0
365.173406	2374.0
440.781043	2088.0"
"9-[[3-methyl-3-[(4-methyl-5-oxo-2H-furan-2-yl)methyl]oxiran-2-yl]methoxy]furo[3,2-g]chromen-7-one",CISFAPDYRQPRCZ-UHFFFAOYSA-N[M+C2H4O2-H]-,441.11910391713,CISFAPDYRQPRCZ-UHFFFAOYSA-N,C21H18O7,382.10525291,[M+C2H4O2-H]-,MS2,4.102,441.11957,5149UVPD intensity 3123362,5149,7,"73.50589	1950
101.08479	1891
110.51176	2095
154.31171	2118
212.96179	1981
216.55325	2264
338.68112	1935",2,3123362,NEG_3,101,"73.505821	1950.0
101.084731	1891.0
110.511704	2095.0
154.31167	2118.0
212.961771	1981.0
216.553232	2264.0
338.681146	1935.0"
"1,3-Dideacetyl-7-Deacetoxy-7-Oxokhivorin",BBSPXZBAZKHYLF-HUBYRZTESA-N[M-H]-,457.22317696604,BBSPXZBAZKHYLF-HUBYRZTESA-N,C26H34O7,458.23045342,[M-H]-,MS2,4.799,457.22305,5389UVPD intensity 488843424,5389,8,"58.64198	2370
59.77322	1756
71.05928	1681
154.73032	2688
156.5459	1857
159.19495	1854
323.12521	2134
457.2226	58899",1,488843424,NEG_3,102,"58.641906	2370.0
59.773146	1756.0
71.05921	1681.0
154.73028	2688.0
156.545861	1857.0
159.194912	1854.0
323.125231	2134.0
457.222669	58899.0"
"(5-benzoyloxy-3-chloro-4,6-dihydroxycyclohexen-1-yl)methyl benzoate",QUOOWFYEPMIYFF-UHFFFAOYSA-N[M+C2H4O2-H]-,461.10086701179,QUOOWFYEPMIYFF-UHFFFAOYSA-N,C21H19ClO6,402.087016,[M+C2H4O2-H]-,MS2,4.799,461.10095,5425UVPD intensity 14526457,5425,6,"89.65478	1832
264.20831	2106
267.77106	2000
401.07983	2592
461.09915	11906
461.23737	4140",1,14526457,NEG_3,103,"89.654717	1832.0
264.208309	2106.0
267.771061	2000.0
401.079879	2592.0
461.09922	11906.0
461.23744	4140.0"
"1,3-Dideacetyl-7-Deacetoxy-7-Oxokhivorin",BBSPXZBAZKHYLF-HUBYRZTESA-N[M+C2H4O2-H]-,517.24430443281,BBSPXZBAZKHYLF-HUBYRZTESA-N,C26H34O7,458.23045342,[M+C2H4O2-H]-,MS2,4.799,517.24359,6131UVPD intensity 489108416,6131,16,"61.2904	19376
62.76506	19341
78.49971	19814
83.0937	19849
87.18785	20853
110.41454	20863
121.12393	22813
143.51083	23069
159.52539	20663
207.13838	19844
323.12521	49262
341.13678	24077
383.18707	28100
385.20013	24590
457.2226	7752554
517.24786	7324292",1,489108416,NEG_3,104,"61.290327	19376.0
62.764987	19341.0
78.499643	19814.0
83.093634	19849.0
87.187786	20853.0
110.414484	20863.0
121.123878	22813.0
143.510786	23069.0
159.525352	20663.0
207.138359	19844.0
323.125231	49262.0
341.136807	24077.0
383.187112	28100.0
385.200173	24590.0
457.222669	7752554.0
517.24795	7324292.0"
Mundulone Acetate,QUQMZWZRFQKNFP-UHFFFAOYSA-N[M+C2H4O2-H]-,535.1973542394301,QUQMZWZRFQKNFP-UHFFFAOYSA-N,C28H28O7,476.18350323,[M+C2H4O2-H]-,MS2,4.026,535.19788,6330UVPD intensity 1110544,6330,6,"66.33102	1884
71.80595	1948
81.31901	1894
119.1184	2091
182.87608	2036
276.12323	2220",1,1110544,NEG_3,105,"66.330948	1884.0
71.80588	1948.0
81.318944	1894.0
119.118347	2091.0
182.87605	2036.0
276.123234	2220.0"
"(1'S,2'S,3S,3'S,7'R,8'R,9'S,13'R)-8'-(acetyloxy)-2,2,2',9',13'-pentamethyl-6',16'-dimethylidene-6,11',15'-trioxo-10',14',17'-trioxaspiro[oxane-3,5'-pentacyclo[7.6.1.1?,¹².0¹,¹².0²,?]heptadecane]-3'-yl (2E)-2-methylbut-2-enoate",MNLWZCYHJPEFDE-BUDDGWGSSA-N[M-H]-,597.23413557324,MNLWZCYHJPEFDE-BUDDGWGSSA-N,C32H38O11,598.24141202,[M-H]-,MS2,5.276,597.23297,6904UVPD intensity 1370162,6904,8,"65.38829	2037
74.46371	2031
86.54985	2177
102.97785	1999
104.20941	1811
110.09884	1885
154.73032	2177
597.23126	17755",1,1370162,NEG_3,106,"65.388218	2037.0
74.463641	2031.0
86.549786	2177.0
102.977792	1999.0
104.209352	1811.0
110.098784	1885.0
154.73028	2177.0
597.231379	17755.0"
"(1'S,2'S,3S,3'S,7'R,8'R,9'S,13'R)-8'-(acetyloxy)-2,2,2',9',13'-pentamethyl-6',16'-dimethylidene-6,11',15'-trioxo-10',14',17'-trioxaspiro[oxane-3,5'-pentacyclo[7.6.1.1?,¹².0¹,¹².0²,?]heptadecane]-3'-yl (2E)-2-methylbut-2-enoate",MNLWZCYHJPEFDE-BUDDGWGSSA-N[M+C2H4O2-H]-,657.25526304001,MNLWZCYHJPEFDE-BUDDGWGSSA-N,C32H38O11,598.24141202,[M+C2H4O2-H]-,MS2,5.299,657.25464,7381UVPD intensity 7306990,7381,11,"84.75934	1933
94.68848	2184
100.41817	2041
100.90173	1841
154.74892	3144
229.86783	2011
393.01974	2033
455.17227	2960
555.22552	11054
598.23541	3926
657.25269	22983",1,7306990,NEG_3,107,"84.759275	1933.0
94.688419	2184.0
100.418111	2041.0
100.901671	1841.0
154.74888	3144.0
229.867817	2011.0
393.019786	2033.0
455.172338	2960.0
555.225624	11054.0
598.235529	3926.0
657.252831	22983.0"
"3-[(1R,3R,5R,8R,10S,13R,14S,17R)-1,14-dihydroxy-3-[(2S,3S,4R,5S,6R)-3-hydroxy-4-methoxy-6-methyl-5-[(2S,3R,4S,5S,6R)-3,4,5-trihydroxy-6-(hydroxymethyl)oxan-2-yl]oxyoxan-2-yl]oxy-10,13-dimethyl-1,2,3,4,5,6,7,8,9,11,12,15,16,17-tetradecahydrocyclopenta[a]phenanthren-17-yl]-2H-furan-5-one",CMUOOPXNBJLJQK-XIYZJAHSSA-N[M+C2H4O2-H]-,771.3808574788601,CMUOOPXNBJLJQK-XIYZJAHSSA-N,C36H56O14,712.36700646,[M+C2H4O2-H]-,MS2,3.275,771.38159,8040UVPD intensity 15201310,8040,4,"129.44672	2197
183.87848	1875
567.24359	2308
762.24921	2237",1,15201310,NEG_3,108,"129.446671	2197.0
183.878451	1875.0
567.243698	2308.0
762.249388	2237.0"
